ć	14973	148.9226325467934
ić	14813	148.67688922747493
vić	5688	143.36815126334005
a	5328	109.0288143293275
i	4846	60.2162380744583
k	4828	120.60101549865658
n	4530	111.20020815226704
r	4294	111.2557415822012
ović	4111	142.98472442073026
c	3199	49.011052086071224
o	2977	37.82456997547251
er	2343	158.54090451215015
an	1928	120.96689503997543
ek	1910	167.35698203211223
ki	1817	114.16851849731067
in	1718	109.48547012404421
ak	1670	171.61024913422762
l	1445	119.10603109152339
ević	1407	143.99602811677616
čić	1389	159.19957891892318
j	1385	145.06409639002737
ec	1382	147.32708159406405
ac	1356	163.06595109881383
ski	1296	114.346537396452
v	1163	127.50736758243511
nović	1157	139.46552726134277
ar	1151	146.8478742199009
t	1151	103.68711123293305
nić	1114	156.83091264989577
ković	1072	142.8432616210163
s	1017	108.72754534904323
š	1004	158.22250617222406
ja	969	42.3631174918685
e	934	37.64495210648195
ko	932	70.22509746166091
lić	914	152.29629863450205
rić	865	153.66598226435846
šić	859	149.98763333565424
ik	802	154.1043883046725
tić	750	154.04992041403372
č	738	171.6139379951227
h	722	110.19733707866558
ka	706	121.77646783950668
vski	662	97.0456984285121
aj	646	170.70815992948437
ov	643	177.01431828659005
jak	583	172.06624188284846
d	579	44.206302087208535
ni	546	145.4102965993473
ija	509	135.6639001427392
kić	505	141.02257319105934
jić	489	148.98064840256075
na	471	173.31724532268572
ovski	470	101.6480647538311
čević	442	150.73123033953536
anić	427	151.2072544032338
ca	425	116.90498954688118
ir	420	75.85650435450454
nik	417	166.73288180713288
ček	413	171.14526915245145
el	409	111.69773443200846
vac	406	161.11435934865602
li	406	144.74059650965492
ta	403	171.7514603023793
nac	402	175.63924463282018
ič	402	170.95867997766624
lj	401	153.29457316092308
dić	395	144.55349285035712
m	391	47.754374866302605
jević	389	140.99629947767775
y	388	60.51007304245211
la	386	161.0387013383601
lović	382	151.2802421596868
arić	380	158.3419642523674
z	380	122.32259333747584
man	377	152.5530812043654
ina	376	174.63933932848147
g	372	107.5317766911857
ch	367	170.28993128349887
rović	364	141.7866075231344
ica	358	159.72788205578848
ger	352	174.4102582624263
nec	351	155.01635612062506
ra	344	171.59200920707556
šek	340	174.28349125288656
žić	337	157.68964651010478
en	335	75.58941655933181
nčić	334	163.9490433132763
njak	322	170.18563752242068
ri	321	128.3319041044773
jan	319	108.89855450352029
ner	317	165.1622193060128
lo	316	91.37216967715536
ler	304	171.78041985848714
etić	296	159.0466458310017
ti	290	150.34827953717254
ev	279	172.34628366219826
nko	278	47.206189522785316
aš	271	168.72075022565295
ich	262	170.78550615266028
nin	262	101.93374569257426
tović	261	155.37440983593513
on	261	81.38599913891332
vec	260	168.32886772628856
ovac	251	160.59727976818374
lin	251	149.70237530865555
no	250	94.1502000477207
anin	247	99.84645490813303
da	246	170.31756488701035
nski	245	136.8722747744736
ša	244	145.22666780621842
gić	242	146.1582059393064
čak	239	176.6644233838497
ač	238	174.01088101344232
din	236	80.26507214512391
al	235	131.57069833051864
io	235	97.95341942984305
inić	232	155.22541571507122
ušić	229	167.02357226272153
ičić	228	144.25842133094415
mir	226	132.4101248982031
šević	223	147.54183621714165
or	220	85.77706967881578
as	216	131.73838834949385
is	213	77.75181841814529
elj	212	169.08773595813147
av	210	131.7671817920143
et	210	58.695238233512825
at	206	80.65497176214751
di	203	115.14322945697401
uk	202	168.6488616776461
eš	201	168.60299690136694
to	200	46.63894527672138
oš	198	148.4187379476239
ačić	197	160.54334109740032
ska	197	65.49264916127969
le	190	73.18861817345265
bić	189	145.39334658792322
ašić	189	135.99463915471756
ter	185	151.26070887039788
lav	184	139.70397585426994
il	183	52.55118210122947
ga	181	153.97078748920717
džić	181	152.2749409170044
cki	180	170.98062276133672
f	180	73.08150340653181
evski	178	81.14178832798166
elić	177	146.60000531031375
rt	176	144.7649694871225
ini	175	163.6688248147522
alić	175	146.2502714920523
nja	174	165.36506245807468
p	174	72.73564647128893
nger	172	174.3074964189894
uš	172	135.54221552439537
rević	171	150.80040070876294
ani	171	138.7141970323189
ro	171	31.263701141395405
anec	170	176.1200208672244
ji	169	148.74399445208553
anac	167	177.98102434009462
es	166	88.5826847478898
slav	165	166.55667376822237
inac	163	176.03892908609447
mić	163	158.8290739764282
im	163	99.5208409233047
kov	162	177.98043517957902
čki	162	176.02677000123705
sić	162	112.02710137983426
nek	157	156.1908579903265
rac	155	157.87163170646397
pić	155	148.05580229823593
va	155	80.07680899896933
inger	154	175.92378681915773
je	154	75.19678235269592
jo	154	44.0354873524048
lja	153	167.70066276141262
ulić	153	163.63399612349372
us	152	149.49005873438693
jac	150	175.86815680049517
ljak	149	177.97871711842123
ešić	147	152.63506793293686
u	147	132.76739115967374
ad	147	75.55679432553411
ančić	145	156.47972732708445
gović	145	148.1113004770287
enko	144	57.17849497382516
ovec	143	164.80961149160188
ci	142	143.45091110804097
enić	141	166.82430307220818
rek	141	160.24615702896403
agić	140	138.5757773862465
un	139	120.29183682524231
čan	138	164.33670161548073
rin	138	140.2213304127088
do	138	51.91520602603346
eta	137	171.0658521725814
der	137	150.884573450534
iček	135	177.97649422587384
lija	134	150.22486131495006
nov	133	177.97613819242684
iš	132	163.71965142579717
ic	131	165.976741133148
ajić	130	142.45954433942666
tin	130	113.93406666221527
lek	129	156.24428244624
ur	129	142.22243355766943
mović	129	133.08457951409017
inski	128	139.60841828929065
lec	128	98.47739041779562
rec	125	170.39942211333798
aić	125	162.91424050054508
nc	125	160.45894268012586
zi	125	138.71821077433518
b	125	53.67167682539875
ky	124	78.76587111772996
inec	122	175.37602900826928
her	122	162.55542179843454
zić	118	149.07476890031307
ljić	117	161.8891161778864
erić	117	151.41674262148845
vska	116	177.97261213411815
šak	115	175.21533032555706
ert	115	137.98049680387334
njić	114	150.72994259098465
lli	113	164.07326783654904
ćak	112	177.9716255843465
ari	112	153.0135648370822
tek	111	169.43974714177543
ano	111	111.74761396751124
čar	108	169.20254186822325
ijan	108	85.52234115312596
rčić	107	157.51664619673357
tar	107	127.49463784133468
čec	106	177.9700048965497
ng	106	126.93552561702177
ber	106	124.29186137577625
ino	106	116.22910961632383
ać	105	171.94168823931315
urić	105	154.21657523078306
ej	105	115.84932262753665
ran	105	98.30213976452251
včić	104	171.88258785665926
olić	104	145.2739220097534
ndić	103	142.06917841239695
otić	102	153.52709855758908
oski	102	141.72713787227133
čanin	102	108.72567322538437
rger	101	174.82666285772825
ok	101	144.47502387043627
jer	100	168.49513372389734
tti	99	174.76210497580948
zović	99	162.1037319907856
ld	99	106.42396429910758
onja	98	177.96753227313127
jko	98	61.928873045335834
za	97	149.20478272160526
unić	96	161.60952624827758
ut	96	142.74526779768797
dović	96	124.43800007381451
ai	94	171.22976228308892
ara	94	171.22976228308892
ba	94	171.22892144175833
kar	94	145.1773995500229
mer	94	120.70092600289018
icki	93	177.9657686491273
si	93	154.4880794111709
rov	92	177.9653926827242
lak	92	167.67150323333425
ši	91	177.9650083670207
erger	91	174.4752907908676
inčić	91	171.00470028574347
šin	91	171.00470028574347
evac	91	167.5538675681339
vič	91	164.12882494638376
atić	91	150.6180981443427
avić	91	147.29901102120363
ula	91	140.8750295818218
id	91	107.00444454230187
ščak	90	177.96461542080027
ečić	90	167.4376605502595
mi	89	96.28663936465483
sa	88	170.7651328176165
lik	88	170.76513281761646
nar	87	170.68264984736444
lan	87	119.35304913982783
imir	86	131.97131966686405
čin	85	163.15724848534916
oni	85	138.18870588286097
ljan	85	134.85290750458665
išić	85	127.92389114922871
ela	84	177.96205904849947
co	84	52.651610723961554
šćak	83	177.96159664263448
ošić	83	162.7893737195771
ije	83	130.4383428794815
van	83	120.07194994124484
tan	83	95.57076256472598
it	83	55.595002333127596
onić	82	155.0815545840445
fer	82	129.88913765433512
ih	82	126.36458758698676
ol	82	123.10123567066799
jek	81	177.9606371776794
rak	81	166.26845704602275
aček	80	177.96013924211692
janić	80	158.35345967182542
orić	80	143.18282690162667
ul	80	98.81489513584859
ova	79	150.36687315588412
rski	79	142.75363952677048
os	79	113.99602065214741
ž	79	86.84474883419891
ij	79	46.625897620350315
era	78	177.95910460309105
islav	78	169.83292934534174
ško	78	134.74711539404422
rko	78	74.41385343449588
lar	76	173.7733750015819
lov	76	173.7733750015819
sky	76	169.61693038637696
ča	76	165.4897487606406
nt	76	126.46017107868272
bašić	76	122.324458024897
ne	76	28.449210284235733
avec	75	177.95744787453827
nj	75	141.11622068795634
sović	75	136.98644878706085
nji	74	173.65810053635033
ig	74	140.649413242817
kan	74	125.02460359558552
st	74	121.24736830152752
ovska	73	177.95626675881817
čko	73	173.598074205985
nica	73	169.27243205507932
laj	72	169.15064130039357
lac	72	164.79962744988416
alo	72	156.18875478130286
am	72	57.402382955577735
ia	71	173.47290408199473
bek	71	169.02540817319934
eli	71	155.91605549170373
oli	71	151.60557160485547
omir	71	147.3491239677027
jec	71	89.15002839303233
jev	70	168.89658484412368
ha	70	134.30422631024254
ing	70	130.3010776360602
anski	70	130.01645806108303
dar	70	85.62769305719162
čik	69	177.95369630240552
kaj	69	177.9536963024055
čev	69	177.9536963024055
tz	69	173.34041206562705
kovac	69	168.76401490855352
dek	69	150.8708227385639
naj	69	150.85326023354267
zer	69	150.85326023354264
alj	69	146.5075408331721
az	69	117.32861027490495
nd	69	60.196769415133495
ćek	68	173.27121674163212
nda	68	168.62753275660307
rman	68	168.62533373292428
pović	68	150.4303178054447
dan	68	100.35789860825744
go	68	50.652591613857886
žija	67	173.1999368154488
har	67	154.576749922515
jčić	67	154.576749922515
akić	67	136.64495544660636
hić	67	132.28136528648128
var	67	128.4735019809828
anov	66	177.95156106755837
ota	66	177.95156106755832
gar	66	173.1264767127625
ovič	66	173.1264767127625
ža	66	168.33971679216864
ker	66	163.59995640742295
rlić	66	158.88760183070664
ny	66	140.51372691145627
ilo	66	98.50996624264386
elja	65	177.95080488776821
uer	65	177.95080488776821
ura	65	173.05073493036383
jar	65	163.3785439177749
ijo	65	163.371153069878
enjak	64	177.95002472964603
ntić	64	158.29333087286903
eri	64	134.91911348860205
eski	64	108.38203017880065
auer	63	177.94921943456077
ečki	63	177.94921943456075
čka	63	177.94921943456075
tner	63	167.87990608304767
um	63	138.927575028838
ian	63	51.76137759920909
ser	62	172.80870542146266
oslav	62	157.66105494157304
hi	62	152.7557052524268
ilić	62	106.55618061362397
jin	62	102.29810990349644
inko	62	74.57850258545372
em	62	54.95083906666059
elli	61	177.94752841341534
arac	61	172.72268600161007
ćević	61	162.4116601303645
lko	61	58.49300790597842
re	61	24.64395192018681
gl	60	172.63377044221133
ez	60	132.25898567773027
adić	60	132.00805886555833
dl	59	177.9457209201475
anek	59	161.8930707545184
th	59	156.66473259600497
cić	59	156.63303790975317
džija	58	172.44664602583387
ički	58	172.44664602583387
jaš	58	172.44664602583387
ban	58	156.28717203976757
ot	58	150.98640641331872
te	58	65.54715951975167
tak	57	172.348107968511
pa	57	150.5869955365827
stić	57	150.5187592048388
ma	57	145.21196510422135
šan	57	134.79591033008714
ekić	57	119.7010366224583
eo	57	64.89533610966885
lčić	56	177.94276354627632
sek	56	177.94276354627632
ški	56	177.94276354627627
rdić	56	166.6081620003603
raj	56	161.03152248685294
ah	56	55.18629495864637
enčić	55	177.9417048388993
lica	55	166.399976441377
lla	55	155.0898000445025
tko	55	102.90098874556928
rd	55	65.11399821452142
avac	54	177.94060624016592
ajer	54	177.9406062401659
kin	54	172.0303568314445
onjić	54	149.01400673858822
edin	54	149.01400673858817
ika	54	143.43031973627873
ikić	54	143.43031973627873
aga	54	111.57363167895798
adin	54	58.65545969233691
zo	54	33.40089264425666
tnik	53	171.91635767143572
ulj	53	165.95997032977985
nn	53	160.0729918095307
anko	53	56.95397922142545
so	53	47.59925957080114
rk	52	153.83284172833888
udin	52	142.13196400553923
či	52	136.51772459519495
rik	52	104.79194290529284
janin	52	100.07104445338754
oj	52	59.660941837345895
ed	52	44.22034781226998
vich	51	177.93704720728908
bec	51	153.3075522157175
hović	51	153.3075522157175
ranić	51	147.3361773633226
mar	51	118.9461710730336
rija	51	88.45425531178795
janac	50	177.93576418181112
ndžić	50	152.81804600193576
rg	50	102.89034749064342
lio	50	102.8411695336925
iša	50	91.49564175679387
ača	49	177.9344277907967
rica	49	177.93442779079663
cer	49	171.4132823399977
všek	49	171.4132823399977
nka	49	171.41328233999764
oić	49	164.96611730450215
ršić	49	164.96611730450215
rkić	49	158.59671845067106
čič	49	158.59671845067106
žan	49	128.28140610316203
eg	49	111.5071307452645
min	49	49.745130001510546
aja	48	177.9330346353562
čnik	48	171.2742568824946
ovčić	48	171.27425688249457
ška	48	171.2742568824945
letić	48	151.7787652555873
nkić	48	151.7787652555873
asić	48	145.45385013327956
nder	48	127.51112687913236
pan	48	110.27297100899213
fi	48	94.3540397892574
ecki	47	177.93158102181664
tina	47	177.9315810218166
ller	47	177.93158102181653
nšek	47	177.93158102181653
ann	47	171.12924456078636
