o	14122	67.8185459352742
no	8844	61.67747925600443
i	5798	113.70914280926772
ki	5766	113.61516758203523
ski	4360	109.26961337578375
ko	2026	124.71603927362038
vo	1719	45.62237201743081
eno	1597	63.50332012355998
ivo	1260	45.78728786054853
nski	1174	110.72735930876426
čki	1095	126.08226539370374
jski	1086	114.41311203596763
to	1052	50.41777525289813
sko	1000	134.70831798910973
tno	928	66.77694413775265
ano	919	60.43531205068758
lno	875	61.80447281065732
čno	814	47.7083373128717
ijski	810	113.37451182908652
rski	774	108.46540223254611
vno	766	59.57445937939962
jivo	728	43.75371932231632
ički	702	128.02011013517387
alno	657	62.946104218890596
rno	656	64.18404084648327
e	640	133.10756988105413
ljivo	600	43.26895236263465
čko	587	135.99686702946363
ično	581	45.54889101495325
dno	542	62.325972331721275
sto	522	52.5863044233219
asto	491	51.81410995825306
anski	480	108.80878429894119
rano	462	68.0063430374169
ičko	436	135.9957795615148
avo	432	42.89675680734773
jeno	428	59.94436531634211
tski	405	98.63334911899793
ivno	400	43.797710651845854
irano	378	73.88779175345472
sno	366	66.88703016583908
ački	334	122.44046720454628
arski	327	111.9883770858025
tički	315	130.67764642979674
tivno	298	41.91718380704581
će	289	135.355356463889
ški	288	128.86115098536746
inski	283	115.09631979425541
ljeno	279	60.82679293861773
zno	272	63.670820970793464
jno	270	62.9611110119571
nsko	265	135.9930461751851
arno	261	70.97708979905397
ito	261	42.912458789456515
je	238	133.65787529292663
ntno	238	46.67075586416893
nički	232	127.1066909069055
tičko	228	135.9919128905973
rsko	219	134.3017118041315
etno	214	75.54705890631034
onski	211	112.38234623274059
tično	211	47.51467304393329
uće	201	135.07125341382957
žno	194	61.824693978578054
vski	193	118.25300294656925
lo	193	87.92189120102196
orno	193	54.538184260833354
orski	189	103.21879273098163
erski	182	110.68292751122063
juće	177	135.98956991327776
šno	177	67.68854550260573
jsko	172	135.98926500226986
mski	169	101.61082384581084
atno	167	67.9816886000223
lski	164	107.77667898003305
nje	156	134.80107301199345
dski	155	108.6444903925448
ničko	154	135.98800235644313
ško	148	133.47781897117474
enski	148	108.64685060229901
reno	148	64.96141630098296
ilno	148	52.23075739240702
avno	146	68.88805058143205
ačko	143	135.9870732030044
entno	143	54.731160904404035
odno	141	69.27392855556285
vito	141	42.076014844687016
nalno	140	64.72317597472077
atski	136	97.3273542265882
ovno	135	95.62204540512823
mno	130	44.81214617126072
ajuće	128	135.98554687491017
đeno	126	64.94918936640147
edno	125	59.74570367829381
ato	124	45.00425182005021
veno	121	75.96883218969735
ovito	120	41.60791145014414
arsko	119	135.98444488731212
vački	119	126.49026244648908
ozno	113	49.16873284732768
tsko	112	135.98346429323234
a	111	135.983314024934
ijsko	109	135.98300514396118
ovski	108	118.32010235781289
beno	106	78.72727275967479
idno	106	65.76556716415456
šnje	105	135.98235175922076
ženo	102	53.5009659021267
pski	100	106.96628500477037
bno	99	62.87313990510426
jalno	99	51.82430183554725
njivo	99	46.572967887058816
ljski	98	120.44376796515863
ajno	98	75.85296905568926
čeno	98	64.33064077173204
oški	95	132.04657567759318
talno	95	65.85219661965168
ralno	95	61.88838415800255
erno	95	50.45171003462702
larno	92	95.64026829284212
uto	92	59.198561693847125
šeno	92	56.23854048125816
njski	91	117.05698043717989
antno	90	50.385457008699845
aški	88	127.41100558247881
njeno	88	63.18185407684803
rivo	88	49.000241996800284
kasto	87	58.47156495992461
adno	86	63.145593546325706
ansko	85	135.97815201909177
oško	85	135.97815201909177
azno	85	71.28051845191108
etski	83	105.60078939921083
loško	82	135.9773433038283
asno	81	45.771713321817714
itno	80	89.39572964949075
ojno	80	57.95082140701863
živo	80	51.974925298382274
utno	79	66.45873958575515
insko	78	135.9761670658651
loški	77	133.55018659645918
esno	77	73.14715726493272
pno	76	79.04832651757992
nično	75	70.48383774366293
ćeno	75	56.938868896953956
divo	75	49.285784608141014
nasto	75	49.280347077348736
ljno	74	54.499202837710655
nuto	71	50.15970792981861
ačno	69	49.12607784958756
išnje	68	135.9726125845502
fski	68	75.20931270473392
tivo	68	44.01418201944072
tveno	65	72.41632282853112
evno	65	69.44536608556753
obno	65	63.594376551190464
osno	65	61.12789600597575
meno	65	60.72096390942643
leno	64	60.41805458839114
lavo	63	47.20247330927511
ntski	62	94.87809278657436
ako	62	76.47609998057256
často	62	70.05301551909129
jasto	62	41.18095636083946
urno	61	77.86057150277972
vano	61	56.54284041052302
go	61	50.77404849261892
jerno	60	46.10987500000682
eće	59	135.96836678661197
afski	59	72.57922898684107
jetno	59	66.06930363617163
rično	59	44.775451933730494
ro	58	65.70141560440673
ravno	58	52.26305160477
zivno	58	49.2457317421047
učno	58	44.53791451526634
rički	57	112.22251442351319
čano	57	60.88381578014365
čavo	57	47.88513291332657
tavo	57	42.016700184873216
isno	56	76.15655689703235
ečno	56	65.81766108409069
onsko	55	135.96602607949455
ažno	55	107.70051863868237
usno	55	100.41923558105762
iko	55	62.08150318823151
liko	55	62.08150318823151
bilno	55	54.53239653907575
ičavo	55	45.06282346055371
tarno	55	45.06282346055371
javo	55	42.05805930533067
išno	54	114.52268245105702
teno	54	63.306295662768306
lično	54	40.58130029713326
vsko	53	135.9647208791927
elo	53	88.48206673317112
jački	52	117.46323707874454
d	51	135.96331142387479
otno	51	62.872237609155135
ejski	50	108.7518690727409
opski	49	104.08931136549526
ujuće	48	135.96097270802744
avski	48	119.95807132961458
amski	48	99.21645729187937
očno	48	54.747975894211024
kavo	48	47.448099631203775
udno	48	41.25892168306095
uko	47	60.88924625174793
itski	46	88.83442223230422
jedno	46	84.79962977395034
dano	46	49.057647127937244
čivo	46	47.74058138892652
orsko	45	135.95831567371727
adski	45	101.13658812238377
alo	45	88.27528012370111
oliko	45	66.01347675320889
omski	44	86.63670830180214
ađeno	44	69.28686244799181
ušno	44	56.07226703008124
redno	44	52.01272165577799
ualno	44	52.01272165577799
oko	44	51.86354381042052
vorno	43	50.242089992502216
unski	42	103.33140209079787
do	42	67.72312289135367
užno	42	56.833212723900495
mično	42	44.38521538183501
olski	41	107.39366555071375
dbeno	41	78.1274185632526
nosno	41	69.17359465360823
ktno	41	55.03734958318217
ogo	41	48.634530723843866
kalno	40	67.00208289585076
ratno	40	57.673708436293644
nato	40	44.562351285405406
ono	39	75.15202915432256
jano	39	51.99881147732573
ožno	39	47.62224013261666
iozno	39	39.31784833670013
urski	38	105.03676405783013
alski	38	94.45709490128556
rodno	38	63.48847488646155
rasto	38	46.35175313790074
bivo	38	44.75834081533739
jelo	37	99.30149070865723
irno	37	82.8831309756009
geno	37	77.15293848807745
torno	37	77.15293848807745
ruko	37	61.61151171687243
glavo	37	42.631931624360476
da	36	135.94761861114094
irski	36	92.07142830119294
olno	36	75.51549303209917
jesno	36	61.98205398036147
retno	36	59.64855621455347
sivo	36	55.37875237121299
lasto	36	44.97636190235536
atsko	35	135.94608146026758
aško	35	135.94608146026758
dsko	35	135.94608146026758
lački	35	124.97852953578725
ečki	35	119.37625043451956
otski	35	102.2675690499884
ogeno	35	73.79207375976486
ežno	35	47.50623951808858
stivo	35	44.5054428734822
ersko	34	135.9444514374506
ovsko	34	135.9444514374506
turno	34	113.02835390744501
ilski	34	107.1449960922476
lovno	34	77.71689010192563
deno	34	66.99020444726348
ovano	34	66.99020444726348
šteno	34	66.33637415578329
malno	34	55.44623984964468
aženo	34	46.15422313119615
nito	34	45.22034890297922
oljno	34	45.22034890297922
šivo	34	45.22034890297922
trano	34	40.40712857310905
ensko	33	135.94271987053025
nački	33	118.32397736559389
mo	33	87.9579787016643
ćno	33	81.9189486079172
lasno	33	64.29357070741514
tko	33	57.28834802776674
evski	32	117.7468169877432
elski	32	111.5261569818296
oidno	32	98.97120435152905
vodno	32	92.68261609994741
orivo	32	45.49523180115989
lsko	31	135.93891166360098
msko	31	135.93891166360098
ezno	31	84.78444984525123
tetno	31	72.08916583387283
zano	31	54.02633980634591
tano	31	48.382194250601835
umno	31	48.382194250601835
sivno	31	42.97170268693094
ubivo	31	42.97170268693094
ašnje	30	135.9368113357035
jačko	30	135.9368113357035
rtno	30	83.04479099970123
upno	30	76.46228429432612
eđeno	30	63.6527508217978
ođeno	30	58.359861811069095
ešno	30	47.71445728442559
ječno	30	45.80727226970117
rdno	30	45.80727226970117
etsko	29	135.93456159577053
psko	29	135.93456159577053
idski	29	115.76795495015398
eški	29	108.87250278058586
elno	29	74.41085748664226
lano	29	68.48285621184411
lazno	29	67.75767821102768
oreno	29	62.10071759263438
nogo	29	55.90909344861778
ojeno	29	55.90909344861778
učeno	29	54.974027906440476
edivo	29	48.9129979391208
ašno	29	48.91299793912079
ce	28	135.9321459300415
zično	28	79.2113676894504
narno	28	59.643550145076254
ašeno	28	52.32107318959196
kano	28	46.164545642669616
uno	28	41.478037419651194
fsko	27	135.92954530078038
kovno	27	128.80803028604345
metno	27	84.42454529496077
edeno	27	57.04387346957668
omno	27	49.52446612299758
oso	27	49.52446612299758
so	27	49.52446612299758
zivo	27	49.52446612299758
ojivo	27	43.2823637341314
ljavo	27	43.282363734131394
ravo	27	39.701766387462456
aće	26	135.92673764545063
lje	26	135.92673764545063
m	26	135.92673764545063
imski	26	113.40334152735704
sano	26	67.40855125504756
onogo	26	53.235962081712536
ereno	26	41.514005746570746
ad	25	135.92369725184483
afsko	25	135.92369725184483
vačko	25	135.92369725184483
lički	25	128.2067446526003
eski	25	104.31547798108389
emeno	25	72.39612384845299
porno	25	57.34466869254605
adivo	25	50.236454447102915
pavo	25	43.47509610062778
iški	24	135.92039397182208
k	24	135.92039397182208
tilno	24	77.88744440429885
aćeno	24	64.7665785766887
areno	24	61.90272472952513
vidno	24	61.90272472952513
ladno	24	54.30908732277277
sleno	24	54.30908732277277
njavo	24	40.21300857418769
lišno	23	110.20096349243428
emski	23	101.42949373524465
nevno	23	92.65420345063555
ečeno	23	76.07315292972639
ovo	23	75.35511719517935
truko	23	75.35511719517935
ješno	23	53.22053419636284
eto	23	39.44437608286453
čje	22	135.91284970783553
nutno	22	127.0907323308779
jevno	22	72.61290433960819
ušeno	22	56.75282878304622
uženo	22	56.75282878304622
amno	22	47.63332506994425
račno	22	47.63332506994425
po	22	39.14449352213232
s	21	135.90851575490007
satno	21	126.64468342767076
valno	21	97.98623759918776
pisno	21	88.38903969312226
izno	21	70.53538447222375
tavno	21	69.63706869946614
ižno	21	61.76542045559484
ijeno	21	52.080292877123384
koso	21	52.080292877123384
neno	21	52.080292877123384
ložno	21	52.08029287712337
oženo	21	45.41262967164421
sito	21	45.412629671644204
morno	21	43.971129960906026
gično	21	43.97112996090601
godno	21	43.97112996090601
ice	20	135.90372914098452
lačko	20	135.90372914098452
člano	20	96.00476029107976
rtski	20	96.00476029107975
letno	20	85.9445872596386
eljno	20	76.04179696078812
okoso	20	48.32267414210338
oživo	20	48.32267414210338
ačeno	20	40.0820957336351
mički	19	135.89841519973768
ćki	19	135.89841519973768
odski	19	125.60499097811478
u	19	125.60499097811478
rački	19	104.68296302968079
uski	19	93.81498854310989
latno	19	83.25259770652787
oćno	19	83.25259770652787
ektno	19	62.87546298121041
katno	19	62.87546298121041
razno	19	62.87546298121041
iveno	19	53.303359708853876
nčano	19	53.303359708853876
emno	19	45.85711667725514
evito	19	44.2978157146485
vično	19	44.2978157146485
zdano	19	44.2978157146485
knuto	19	37.664162064402426
itsko	18	135.89248192530815
ljsko	18	135.89248192530815
nški	18	135.89248192530815
om	18	135.89248192530815
rški	18	124.99426967612361
sečno	18	124.99426967612361
ulski	18	124.99426967612361
umski	18	113.86977298530353
utski	18	102.62593065003531
robno	18	91.38400884907277
ršeno	18	69.44391291162535
hodno	18	59.028148341401774
eko	18	51.88060116888141
cato	18	49.1685576509298
enito	18	49.1685576509298
imno	18	49.1685576509298
rvno	18	49.1685576509298
uživo	18	49.1685576509298
zorno	18	49.1685576509298
ijano	18	41.70734747812397
erivo	18	39.99530504287544
vatno	18	39.99530504287544
ada	17	135.88581464057927
t	17	135.88581464057927
mački	17	124.30811572473372
r	17	100.85901190781705
ino	17	88.67206313314307
tajno	17	88.67206313314307
mbeno	17	76.97379659953532
brano	17	65.63573003050034
lačno	17	65.63573003050034
padno	17	65.63573003050034
bano	17	54.82493471539368
dobno	17	54.82493471539368
dušno	17	54.82493471539368
lozno	17	54.82493471539368
odivo	17	46.3978828060156
tasto	17	46.3978828060156
arivo	17	44.70175694004785
rozno	17	44.70175694004785
ićki	16	135.87826857389658
ojski	16	123.53179353340866
rdski	16	110.93435258558489
udski	16	98.24179902009286
ealno	16	85.63085467181776
klo	16	85.63085467181776
radno	16	85.63085467181776
rveno	16	85.63085467181776
točno	16	73.29323392822003
lako	16	63.54617356208267
talo	16	62.75910989418264
davno	16	61.42776775886509
jelno	16	61.42776775886509
kutno	16	61.42776775886509
rživo	16	61.42776775886509
ho	16	53.1027750280464
varno	16	51.872259084762796
ezano	16	50.231042097342154
gavo	16	50.231042097342154
ooko	16	50.231042097342154
čajno	16	50.231042097342154
itko	16	44.327835315091704
ručno	16	39.88735725582948
čito	16	39.88735725582948
štavo	16	39.88735725582948
amo	15	135.86965832257206
inški	15	135.86965832257206
kad	15	135.86965832257206
ntsko	15	135.86965832257206
opsko	15	135.86965832257206
ražno	15	135.86965832257206
ud	15	135.86965832257206
eleno	15	109.16222868865111
vojno	15	109.16222868865111
er	15	96.0251642027269
đe	15	95.60827162752943
ndski	15	95.60827162752942
fno	15	82.20142232512902
žbeno	15	82.20142232512902
bojno	15	69.17526533841202
isano	15	69.17526533841202
rsno	15	69.17526533841202
treno	15	69.17526533841202
darno	15	56.768932640661994
ebno	15	56.768932640661994
ledno	15	56.768932640661994
silno	15	56.768932640661994
gnuto	15	48.45361255031656
gano	15	47.06983445645133
dično	15	45.214044705218505
ročno	15	45.214044705218505
ejsko	14	135.85974256975126
njsko	14	135.85974256975126
uški	14	135.85974256975126
ajski	14	121.62791891855481
pusno	14	107.1285726022482
ijelo	14	93.32627388501992
ulo	14	93.10315185105252
balno	14	92.6000571135297
kno	14	92.6000571135297
šćeno	14	78.31152262793654
tro	14	78.31152262793653
eženo	14	65.90872133920442
bično	14	64.5502647511426
iljno	14	64.5502647511426
rilno	14	64.5502647511426
rmno	14	64.5502647511426
uzno	14	64.5502647511426
ešivo	14	51.60539336182878
učivo	14	51.60539336182878
uđeno	14	51.60539336182878
epo	14	43.392384380236884
ativo	14	39.74944230546789
cavo	14	39.74944230546789
dasto	14	39.74944230546789
krvno	14	39.74944230546789
oruko	14	39.74944230546789
pano	14	39.74944230546789
pasto	14	39.74944230546789
skavo	14	39.74944230546789
sobno	14	39.74944230546789
vasto	14	39.74944230546789
zavo	14	39.74944230546789
gaški	13	135.8482013653825
unsko	13	135.8482013653825
večki	13	135.8482013653825
urški	13	120.44396715974446
ije	13	104.99600963111527
resno	13	104.77289256819617
rovno	13	104.77289256819617
rpski	13	104.77289256819617
sično	13	104.77289256819617
ružno	13	89.13622619805015
lavno	13	73.87253409123049
oumno	13	73.87253409123049
tupno	13	73.87253409123049
što	13	73.87253409123049
ado	13	60.94306481329644
pivo	13	59.338542973134984
polno	13	59.338542973134984
risno	13	59.338542973134984
aktno	13	45.885050549469035
bitno	13	45.885050549469035
masto	13	45.885050549469035
rajno	13	45.885050549469035
tojno	13	45.885050549469035
ujno	13	45.885050549469035
ureno	13	45.885050549469035
žano	13	45.885050549469035
as	12	135.83460139328815
avsko	12	135.83460139328815
dje	12	135.83460139328815
račko	12	135.83460139328815
uda	12	135.83460139328815
ći	12	135.83460139328815
ičeno	12	119.05159721876286
še	12	119.05159721876286
edski	12	102.01523469179864
ićeno	12	85.11276085632095
natno	12	85.11276085632095
plavo	12	85.11276085632095
apski	12	85.11276085632093
osivo	12	70.11221600654983
borno	12	68.77611984766017
ećeno	12	68.77611984766017
lužno	12	68.77611984766017
rado	12	68.77611984766017
vezno	12	68.77611984766017
žajno	12	68.77611984766017
ksno	12	53.452265123097966
kusno	12	53.452265123097966
vučno	12	53.452265123097966
cano	12	39.567070245793126
dro	12	39.567070245793126
ečivo	12	39.567070245793126
načno	12	39.567070245793126
snato	12	39.567070245793126
votno	12	39.567070245793126
šano	12	39.567070245793126
ago	12	24.32742400849044
alsko	11	135.81834112715444
irsko	11	135.81834112715444
ke	11	135.81834112715444
ra	11	135.81834112715444
stno	11	135.81834112715444
aski	11	117.39169572029574
eško	11	117.39169572029574
jarno	11	117.39169572029574
eveno	11	98.74807018289928
malo	11	98.74807018289928
opno	11	98.74807018289928
desno	11	80.39486210110995
epno	11	80.39486210110995
ruski	11	80.39486210110995
ubno	11	80.39486210110995
ikavo	11	62.891468086481105
krako	11	62.891468086481105
ljano	11	62.891468086481105
lodno	11	62.891468086481105
rako	11	62.891468086481105
rbeno	11	62.891468086481105
rpno	11	62.891468086481105
ršno	11	62.891468086481105
seno	11	49.057283773099094
uho	11	49.057283773099094
davo	11	46.80213377368612
ilo	11	46.80213377368612
imeno	11	46.80213377368612
moćno	11	46.80213377368612
rojno	11	46.80213377368612
visno	11	46.80213377368612
adsko	10	135.79856090503324
ajsko	10	135.79856090503324
dnje	10	135.79856090503324
gdje	10	135.79856090503324
jaški	10	135.79856090503324
kud	10	135.79856090503324
ličko	10	135.79856090503324
mičko	10	135.79856090503324
olsko	10	135.79856090503324
očki	10	135.79856090503324
ričko	10	135.79856090503324
rusno	10	135.79856090503324
ta	10	135.79856090503324
totno	10	135.79856090503324
vički	10	135.79856090503324
rnje	10	115.38100971933908
javno	10	115.38100971933905
leski	10	115.38100971933905
nulo	10	95.28535352489209
breno	10	94.82404957196115
iono	10	94.82404957196115
litno	10	94.82404957196115
rezno	10	94.82404957196115
vetno	10	94.82404957196115
vozno	10	94.82404957196115
atko	10	76.01092840917634
ardno	10	74.80696114227969
edo	10	74.80696114227969
isko	10	74.80696114227969
rko	10	59.682854139963254
puno	10	58.07652260619494
usto	10	58.07652260619493
aživo	10	56.06539989870811
eteno	10	56.06539989870811
ezivo	10	56.06539989870811
eživo	10	56.06539989870811
gasto	10	56.06539989870811
korno	10	56.06539989870811
novno	10	56.06539989870811
opivo	10	56.06539989870811
ošno	10	56.06539989870811
zvano	10	56.06539989870811
šasto	10	56.06539989870811
bo	10	43.66942642154846
eliko	10	43.66942642154846
isoko	10	43.66942642154846
soko	10	43.66942642154846
zirno	10	41.97805253242171
civo	10	39.31461445204382
ecivo	10	39.31461445204382
hano	10	39.31461445204382
važno	10	39.31461445204382
zalno	10	39.31461445204382
šavo	10	39.31461445204382
jako	10	31.20507669251837
rogo	10	30.192399068046935
