v	12516	2.9999500531465757
in	9313	2.9999735964435414
n	9313	2.9999735964435414
ov	8844	2.999950516205889
ev	3672	2.9999487524123767
jin	2765	2.9999997829241374
ijin	2294	2.999999738335286
ćev	1679	2.9999996424337874
ićev	1675	2.9999996415793935
rov	1606	2.999961044243736
tov	1538	2.9999163256041936
ćin	1483	2.9999995951446983
ićin	1403	2.9999995720433046
kov	1307	2.999951788326455
cijin	1180	2.9999994910989582
nov	1130	2.9999439015882787
čev	1026	2.9997974243978653
nin	1005	2.999936578082485
ikov	810	2.9999203746993977
inin	716	2.9999092047440885
jev	692	2.9999991317079537
arov	675	2.9999032918692
lov	664	2.999999095038736
nikov	657	2.9999004466920196
vićev	654	2.9999990811805004
vićin	641	2.9999990625173694
čin	546	2.999998899107067
kin	545	2.9999988970834193
sov	536	2.9998759413638285
orov	473	2.9999987288469794
dov	467	2.9999987124807133
rin	443	2.9998470916828563
stov	429	2.9999985981721924
ičin	394	2.9999984733322878
ačev	388	2.999822795800119
istov	361	2.9999983333938034
inov	335	2.999998203664215
mov	335	2.999998203664215
din	329	2.9997865465841893
cin	318	2.9999981073357307
erov	318	2.9999981073357307
tin	318	2.9999981073357307
akov	307	2.9999980393024845
zin	300	2.999997993402453
ljev	297	2.9999979730664803
onov	297	2.999760033739593
njin	292	2.999997938241483
torov	292	2.999997938241483
etov	289	2.999997916766111
atov	288	2.9997513693828
lin	278	2.999997834043579
anov	276	2.999997818292169
čarov	261	2.9997212550706838
eljev	252	2.9999976096974756
jakov	240	2.9999974896915096
alov	231	2.999997391470043
včev	231	2.999678165975993
vov	221	2.9996607651791596
rijin	208	2.999997101660475
šev	202	2.999997015151469
vin	202	2.9996221022770606
injin	200	2.999996985156029
icin	199	2.9999969699310998
pov	197	2.999996939015231
gov	196	2.9999969233195123
čićev	185	2.999996739408214
gijin	181	2.9999966669591154
ašev	168	2.9999964075344683
ijev	163	2.999996296671122
tinin	161	2.9999962503860194
idov	156	2.999996129448489
ilov	156	2.999996129448489
itov	150	2.9999959736116257
ničin	150	2.9999959736116257
rkin	149	2.9999959464106176
min	143	2.9999957751609156
isov	141	2.9999957148164973
usov	139	2.9999956527233596
-ov	136	2.9999955561348375
ntov	134	2.9999954893223046
urin	134	2.9999954893223046
vačev	132	2.9993575734926043
enov	129	2.999995313158756
adin	127	2.999995238779611
ajev	127	2.999995238779611
vinin	125	2.9999951620017846
zov	124	2.999995122676813
nčev	123	2.9999950827073483
ogov	121	2.999995000770516
ozin	120	2.999994958769581
logov	114	2.9999946911578435
fov	111	2.999994546407778
arin	111	2.9991940790595177
ačin	106	2.9999942867831457
zijin	106	2.9999942867831457
tetov	105	2.99999423186363
etin	104	2.999994175878111
anin	103	2.9999941187952492
žin	103	2.9999941187952492
mijin	102	2.9999940605824644
ljin	101	2.9999940012058763
lićev	98	2.9999938157335335
gin	97	2.9999937513344817
ivov	97	2.9999937513344817
nijin	97	2.9999937513344817
bin	95	2.9999936184275673
olov	95	2.9999936184275673
nkin	94	2.99999354983139
odov	93	2.9999934797446595
avčev	93	2.9989768087292337
elov	92	2.9999934081182653
omov	92	2.9999934081182653
tićev	91	2.9999933349009122
turin	91	2.9999933349009122
rićev	88	2.999993105154835
arkin	86	2.9999929429857053
nicin	84	2.9999927730053377
čićin	84	2.9999927730053377
sin	83	2.9999926849074487
erin	82	2.999992594635516
nićev	82	2.999992594635516
rinin	82	2.999992594635516
umov	81	2.9999925021080713
šin	81	2.9999925021080713
bov	80	2.999992407239522
šićev	80	2.999992407239522
lčev	77	2.999992107663839
otov	77	2.999992107663839
rijev	77	2.999992107663839
šićin	77	2.999992107663839
avin	77	2.9986686372784996
amov	76	2.999992002482859
fijin	76	2.999992002482859
lićin	75	2.9999918944610027
nićin	75	2.9999918944610027
sijin	73	2.999991669421582
pin	71	2.999991431531904
terov	71	2.999991431531904
edov	70	2.999991307419345
kićev	70	2.999991307419345
unov	70	2.999991307419345
utov	70	2.9984739961312665
irov	68	2.99999104808822
pijin	68	2.99999104808822
ratov	68	2.99999104808822
rićin	68	2.99999104808822
rčev	68	2.99999104808822
opov	67	2.999990912533441
acin	65	2.9999906287262097
afov	65	2.9999906287262097
ažin	65	2.9999906287262097
antov	63	2.9999903266248955
ančev	63	2.9999903266248955
enin	63	2.9999903266248955
ezin	63	2.9999903266248955
rafov	63	2.9999903266248955
ojev	62	2.9999901681522747
ulin	62	2.9999901681522747
činin	62	2.9999901681522747
ivčev	61	2.9999900044021977
kićin	61	2.9999900044021977
jačev	60	2.9999898351066445
ovčev	60	2.9999898351066445
lijin	59	2.9999896599791374
onin	59	2.9999896599791374
ričin	59	2.9999896599791374
alin	58	2.999989478713125
oćin	58	2.999989478713125
tikov	58	2.999989478713125
tićin	58	2.999989478713125
entov	56	2.999989096428089
narov	56	2.999989096428089
jićev	55	2.999988894678498
linin	55	2.999988894678498
osov	55	2.999988894678498
ninov	54	2.9999886853246145
okov	53	2.9999884679283912
tarov	53	2.9999884679283912
azin	51	2.999988007081854
olin	51	2.999988007081854
dićev	50	2.9999877625698796
elin	50	2.9999877625698796
jačin	50	2.9999877625698796
ksov	50	2.9999877625698796
manov	50	2.9999877625698796
ovov	50	2.9999877625698796
ramov	50	2.9999877625698796
tivov	50	2.9999877625698796
alčev	49	2.9999875078840863
tisov	49	2.9999875078840863
odin	48	2.999987242376256
ninin	48	2.9973156799561407
adov	47	2.9999869653419267
azov	46	2.9999866760141667
emov	46	2.9999866760141667
jićin	46	2.9999866760141667
tijin	45	2.999986373556487
tonov	45	2.999986373556487
upov	45	2.999986373556487
esov	45	2.9970313513579336
ekov	44	2.9999860570547856
oidov	43	2.999985725508129
sićev	43	2.999985725508129
tičin	43	2.999985725508129
urov	43	2.999985725508129
dićin	42	2.999985377818199
larov	42	2.999985377818199
ngov	42	2.999985377818199
linov	41	2.99998501277716
eov	40	2.9999846290536665
ipov	40	2.9999846290536665
ronov	40	2.9999846290536665
asov	39	2.9999842251766653
ezov	39	2.9999842251766653
otin	39	2.9999842251766653
tkin	39	2.9999842251766653
ukov	39	2.9999842251766653
vkin	39	2.9999842251766653
ankin	38	2.999983799516594
atin	38	2.999983799516594
ingov	38	2.999983799516594
pisov	38	2.999983799516594
račev	38	2.999983799516594
rdov	38	2.999983799516594
avov	37	2.9999833502634496
kopov	37	2.9999833502634496
letov	37	2.9999833502634496
orin	37	2.9999833502634496
vodov	37	2.9999833502634496
erkin	36	2.9999828754011153
ionov	36	2.9999828754011153
ivin	36	2.9999828754011153
izin	36	2.9999828754011153
ranov	36	2.9999828754011153
sićin	36	2.9999828754011153
tinov	36	2.9999828754011153
lonov	36	2.995755494770389
darov	35	2.999982372677187
jkin	35	2.999982372677187
ulov	35	2.999982372677187
jčev	34	2.99998183956733
ralov	34	2.99998183956733
rtov	34	2.99998183956733
talov	34	2.99998183956733
vorov	34	2.99998183956733
derov	33	2.999981273232999
ilin	33	2.999981273232999
ličin	33	2.999981273232999
stin	33	2.999981273232999
ušin	33	2.999981273232999
ajin	32	2.999980670471015
amin	32	2.999980670471015
ntin	32	2.999980670471015
tačev	32	2.999980670471015
binin	31	2.9999800276531214
dijin	31	2.9999800276531214
evov	31	2.9999800276531214
inkin	31	2.9999800276531214
jevov	31	2.9999800276531214
karov	31	2.9999800276531214
minov	31	2.9999800276531214
ndin	31	2.9999800276531214
udin	31	2.9999800276531214
varov	31	2.9999800276531214
ejin	30	2.999979340653114
jadin	30	2.999979340653114
jalov	30	2.999979340653114
jičin	30	2.999979340653114
kerov	30	2.999979340653114
škin	30	2.999979340653114
žićev	30	2.999979340653114
emin	29	2.9999786047584567
inčev	29	2.9999786047584567
janov	29	2.9999786047584567
natov	29	2.9999786047584567
nsov	29	2.9999786047584567
ranin	29	2.9999786047584567
đin	29	2.9999786047584567
lovov	28	2.9999778145624045
ndov	28	2.9999778145624045
radin	28	2.9999778145624045
unin	28	2.9999778145624045
arčev	27	2.9999769638314184
dnjin	27	2.9999769638314184
edin	27	2.9999769638314184
gićev	27	2.9999769638314184
hov	27	2.9999769638314184
imov	27	2.9999769638314184
jašev	27	2.9999769638314184
jerin	27	2.9999769638314184
ncin	27	2.9999769638314184
trin	27	2.9999769638314184
zorov	27	2.9999769638314184
mčev	27	2.9931218890975395
jarov	26	2.999976045341017
jedov	26	2.999976045341017
lkin	26	2.999976045341017
ovin	26	2.999976045341017
pićev	26	2.999976045341017
tilov	26	2.999976045341017
uljin	26	2.999976045341017
vičin	26	2.999976045341017
ščev	26	2.999976045341017
žev	26	2.999976045341017
fonov	25	2.999975050670951
gićin	25	2.999975050670951
jenin	25	2.999975050670951
katov	25	2.999975050670951
kašev	25	2.999975050670951
obin	25	2.999975050670951
ridov	25	2.999975050670951
rozin	25	2.999975050670951
bićev	24	2.999973969947446
ejev	24	2.999973969947446
jerov	24	2.999973969947446
kalov	24	2.999973969947446
menov	24	2.999973969947446
noćin	24	2.999973969947446
retov	24	2.999973969947446
rinov	24	2.999973969947446
tajev	24	2.999973969947446
uov	24	2.999973969947446
idin	23	2.9999727915158516
jelov	23	2.9999727915158516
litov	23	2.9999727915158516
nerov	23	2.9999727915158516
orčev	23	2.9999727915158516
rašev	23	2.9999727915158516
tanov	23	2.9999727915158516
tatov	23	2.9999727915158516
alkin	22	2.999971501520777
dinin	22	2.999971501520777
ikin	22	2.999971501520777
jov	22	2.999971501520777
latov	22	2.999971501520777
ogin	22	2.999971501520777
ritov	22	2.999971501520777
tašev	22	2.999971501520777
vatov	22	2.999971501520777
vačin	22	2.999971501520777
zacin	22	2.999971501520777
žićin	22	2.999971501520777
ardov	21	2.999970083361741
bijin	21	2.999970083361741
estov	21	2.999970083361741
gašev	21	2.999970083361741
lizin	21	2.999970083361741
nalov	21	2.999970083361741
netov	21	2.999970083361741
nezin	21	2.999970083361741
pinin	21	2.999970083361741
romov	21	2.999970083361741
s-ov	21	2.999970083361741
cčin	20	2.9999685169791146
hin	20	2.9999685169791146
icčin	20	2.9999685169791146
jinin	20	2.9999685169791146
lerov	20	2.9999685169791146
likov	20	2.9999685169791146
ltov	20	2.9999685169791146
matov	20	2.9999685169791146
metov	20	2.9999685169791146
oljin	20	2.9999685169791146
perov	20	2.9999685169791146
redov	20	2.9999685169791146
čicin	20	2.9999685169791146
javin	20	2.9883160945206657
barov	19	2.9999667779053416
bićin	19	2.9999667779053416
borov	19	2.9999667779053416
busov	19	2.9999667779053416
epov	19	2.9999667779053416
itin	19	2.9999667779053416
ičev	19	2.9999667779053416
išev	19	2.9999667779053416
jatov	19	2.9999667779053416
ketov	19	2.9999667779053416
licin	19	2.9999667779053416
ošin	19	2.9999667779053416
p-ov	19	2.9999667779053416
rev	19	2.9999667779053416
rikov	19	2.9999667779053416
rmin	19	2.9999667779053416
rnin	19	2.9999667779053416
uzin	19	2.9999667779053416
ancin	18	2.999964835986374
ansov	18	2.999964835986374
arev	18	2.999964835986374
astov	18	2.999964835986374
binov	18	2.999964835986374
ganov	18	2.999964835986374
gačev	18	2.999964835986374
gonov	18	2.999964835986374
jetov	18	2.999964835986374
ktov	18	2.999964835986374
ljkin	18	2.999964835986374
marov	18	2.999964835986374
rusov	18	2.999964835986374
tivin	18	2.999964835986374
tvin	18	2.999964835986374
ubov	18	2.999964835986374
udov	18	2.999964835986374
vljev	18	2.999964835986374
bojev	17	2.9999626536316533
cinov	17	2.9999626536316533
cov	17	2.9999626536316533
ebov	17	2.9999626536316533
esin	17	2.9999626536316533
evčev	17	2.9999626536316533
iljin	17	2.9999626536316533
kanov	17	2.9999626536316533
kačev	17	2.9999626536316533
kulin	17	2.9999626536316533
kupov	17	2.9999626536316533
kusov	17	2.9999626536316533
mićev	17	2.9999626536316533
nijev	17	2.9999626536316533
nilov	17	2.9999626536316533
obov	17	2.9999626536316533
rdin	17	2.9999626536316533
rezov	17	2.9999626536316533
sarov	17	2.9999626536316533
skin	17	2.9999626536316533
tavin	17	2.9999626536316533
tavov	17	2.9999626536316533
tažin	17	2.9999626536316533
tokov	17	2.9999626536316533
tozin	17	2.9999626536316533
trov	17	2.9999626536316533
upin	17	2.9999626536316533
utin	17	2.9999626536316533
čajev	17	2.9999626536316533
čkin	17	2.9999626536316533
asin	16	2.999960183376967
dijev	16	2.999960183376967
etkin	16	2.999960183376967
ferin	16	2.999960183376967
filov	16	2.999960183376967
fin	16	2.999960183376967
hijin	16	2.999960183376967
ladin	16	2.999960183376967
lanov	16	2.999960183376967
llov	16	2.999960183376967
minin	16	2.999960183376967
nolov	16	2.999960183376967
nošin	16	2.999960183376967
resov	16	2.999960183376967
umin	16	2.999960183376967
zivov	16	2.999960183376967
zdin	16	2.982369544991111
akin	15	2.999957364424229
cidov	15	2.999957364424229
danov	15	2.999957364424229
eksov	15	2.999957364424229
eljin	15	2.999957364424229
enkin	15	2.999957364424229
evin	15	2.999957364424229
genov	15	2.999957364424229
igin	15	2.999957364424229
jekov	15	2.999957364424229
kokov	15	2.999957364424229
lotov	15	2.999957364424229
morov	15	2.999957364424229
našev	15	2.999957364424229
ngin	15	2.999957364424229
nosov	15	2.999957364424229
nozin	15	2.999957364424229
nsin	15	2.999957364424229
padov	15	2.999957364424229
pićin	15	2.999957364424229
tipov	15	2.999957364424229
tusov	15	2.999957364424229
valov	15	2.999957364424229
vilov	15	2.999957364424229
zerov	15	2.999957364424229
kutov	15	2.9800864557703104
anjin	14	2.9999541176207885
antin	14	2.9999541176207885
apov	14	2.9999541176207885
dajin	14	2.9999541176207885
iksov	14	2.9999541176207885
istin	14	2.9999541176207885
izov	14	2.9999541176207885
junov	14	2.9999541176207885
kazov	14	2.9999541176207885
latin	14	2.9999541176207885
lenov	14	2.9999541176207885
lomov	14	2.9999541176207885
lozin	14	2.9999541176207885
nadin	14	2.9999541176207885
ordov	14	2.9999541176207885
orkin	14	2.9999541176207885
ralin	14	2.9999541176207885
ravin	14	2.9999541176207885
rilov	14	2.9999541176207885
risov	14	2.9999541176207885
sinov	14	2.9999541176207885
vanov	14	2.9999541176207885
ansin	13	2.999950337993202
apin	13	2.999950337993202
cajev	13	2.999950337993202
cijev	13	2.999950337993202
drin	13	2.999950337993202
jicin	13	2.999950337993202
klov	13	2.999950337993202
lasov	13	2.999950337993202
login	13	2.999950337993202
lukov	13	2.999950337993202
nomov	13	2.999950337993202
nusov	13	2.999950337993202
onjin	13	2.999950337993202
ovkin	13	2.999950337993202
ođin	13	2.999950337993202
panov	13	2.999950337993202
remin	13	2.999950337993202
rodov	13	2.999950337993202
rojev	13	2.999950337993202
sačev	13	2.999950337993202
sonov	13	2.999950337993202
telov	13	2.999950337993202
tezin	13	2.999950337993202
tomov	13	2.999950337993202
ustov	13	2.999950337993202
uškin	13	2.999950337993202
zinov	13	2.999950337993202
zićev	13	2.999950337993202
šinin	13	2.999950337993202
žarov	13	2.999950337993202
žinin	13	2.999950337993202
ašin	12	2.9999458833279076
ažev	12	2.9999458833279076
bolov	12	2.9999458833279076
dačev	12	2.9999458833279076
dbin	12	2.9999458833279076
dorov	12	2.9999458833279076
einov	12	2.9999458833279076
endov	12	2.9999458833279076
enčev	12	2.9999458833279076
godin	12	2.9999458833279076
grin	12	2.9999458833279076
ilčev	12	2.9999458833279076
imin	12	2.9999458833279076
jonov	12	2.9999458833279076
karin	12	2.9999458833279076
konov	12	2.9999458833279076
lanin	12	2.9999458833279076
lazov	12	2.9999458833279076
lažin	12	2.9999458833279076
merov	12	2.9999458833279076
mkin	12	2.9999458833279076
parov	12	2.9999458833279076
pinov	12	2.9999458833279076
rakov	12	2.9999458833279076
rkov	12	2.9999458833279076
rumov	12	2.9999458833279076
sorov	12	2.9999458833279076
tazin	12	2.9999458833279076
tenov	12	2.9999458833279076
titov	12	2.9999458833279076
zinin	12	2.9999458833279076
ćarov	12	2.9999458833279076
varin	12	2.9693653997534435
abov	11	2.999940556130806
andin	11	2.999940556130806
ardin	11	2.999940556130806
avkin	11	2.999940556130806
bilov	11	2.999940556130806
cev	11	2.999940556130806
citov	11	2.999940556130806
dinov	11	2.999940556130806
estin	11	2.999940556130806
ežin	11	2.999940556130806
fitov	11	2.999940556130806
forov	11	2.999940556130806
ifov	11	2.999940556130806
irin	11	2.999940556130806
isin	11	2.999940556130806
iščev	11	2.999940556130806
jajev	11	2.999940556130806
jarin	11	2.999940556130806
kadin	11	2.999940556130806
ketin	11	2.999940556130806
kotov	11	2.999940556130806
koćin	11	2.999940556130806
lusov	11	2.999940556130806
mitov	11	2.999940556130806
monov	11	2.999940556130806
musov	11	2.999940556130806
nažin	11	2.999940556130806
nitov	11	2.999940556130806
njev	11	2.999940556130806
omčev	11	2.999940556130806
ončev	11	2.999940556130806
podov	11	2.999940556130806
rgov	11	2.999940556130806
rokov	11	2.999940556130806
rupin	11	2.999940556130806
rvin	11	2.999940556130806
serov	11	2.999940556130806
tumov	11	2.999940556130806
ugin	11	2.999940556130806
uin	11	2.999940556130806
valin	11	2.999940556130806
vojev	11	2.999940556130806
vođin	11	2.999940556130806
zidov	11	2.999940556130806
zićin	11	2.999940556130806
zmin	11	2.999940556130806
zonov	11	2.999940556130806
đačev	11	2.999940556130806
dašev	10	2.9999340740294764
efov	10	2.9999340740294764
ein	10	2.9999340740294764
elčev	10	2.9999340740294764
eutov	10	2.9999340740294764
garov	10	2.9999340740294764
gorov	10	2.9999340740294764
hićev	10	2.9999340740294764
hićin	10	2.9999340740294764
jedin	10	2.9999340740294764
jenov	10	2.9999340740294764
jetin	10	2.9999340740294764
kulov	10	2.9999340740294764
kvin	10	2.9999340740294764
lavin	10	2.9999340740294764
ledov	10	2.9999340740294764
letin	10	2.9999340740294764
lisov	10	2.9999340740294764
mićin	10	2.9999340740294764
nimov	10	2.9999340740294764
o-ov	10	2.9999340740294764
okin	10	2.9999340740294764
oov	10	2.9999340740294764
opin	10	2.9999340740294764
ortov	10	2.9999340740294764
ozov	10	2.9999340740294764
ošev	10	2.9999340740294764
patov	10	2.9999340740294764
pkin	10	2.9999340740294764
ponov	10	2.9999340740294764
porov	10	2.9999340740294764
potov	10	2.9999340740294764
psov	10	2.9999340740294764
rajev	10	2.9999340740294764
razov	10	2.9999340740294764
renov	10	2.9999340740294764
rsov	10	2.9999340740294764
rtin	10	2.9999340740294764
setov	10	2.9999340740294764
tanin	10	2.9999340740294764
tirov	10	2.9999340740294764
tonin	10	2.9999340740294764
tupov	10	2.9999340740294764
ubin	10	2.9999340740294764
vidov	10	2.9999340740294764
začev	10	2.9999340740294764
zonin	10	2.9999340740294764
čarev	10	2.9999340740294764
čunov	10	2.9999340740294764
đajev	10	2.9999340740294764
žbin	10	2.9999340740294764
žnjin	10	2.9999340740294764
