a	10203	43.776711112613995
t	2952	79.87517135129828
st	2924	80.50677891955438
ost	2872	80.56685098795883
ja	2805	76.8131254522323
ca	2483	46.83034506902361
ica	2364	50.027069770410776
ija	2323	79.50145144705127
nost	2104	80.53275158223711
cija	1182	80.83424427337017
ka	1062	22.188244775078054
na	980	74.18701381544385
nica	897	46.7108301002286
acija	855	80.92323581852943
ina	719	77.51509597521222
enost	523	80.74912024468745
vost	439	80.70070026503706
ra	412	67.89444375300414
ivost	338	80.80497970311183
da	313	64.04869598093343
ta	313	54.99846975292406
ika	308	77.61077088630886
nja	308	53.616942630595446
za	301	78.01688232506699
la	299	65.30113114939944
rica	273	50.004508220492454
anost	254	80.21603554437547
lica	210	50.9692972489496
rija	207	80.35903384494681
čnost	204	80.67536904017348
inja	200	78.6029655763463
gija	200	73.9481758304634
ba	186	25.318784829451797
va	184	59.53882213775052
tica	183	51.585029534325145
lnost	174	79.84497610728152
rka	174	27.14370167685648
čica	170	59.25031898763904
tnost	168	80.9961203184149
tina	165	77.16473561293729
ogija	161	72.5105809484071
jica	158	48.040810674843755
vnost	156	79.70733724307371
ma	156	47.5869844409894
ga	152	25.722185732419195
tost	151	80.99568071060537
tika	150	80.556638857087
vina	144	70.71814698869325
vica	142	55.41886207167588
rnost	136	80.51019983807191
ura	136	79.50973199474537
kinja	134	78.96274285912152
ča	131	75.4754356409961
ada	127	73.30966636361701
oza	122	77.55790638340609
dnost	119	80.99450970439341
ncija	118	80.9944627927012
nka	118	22.023607567141216
enica	115	50.98296204511509
zija	108	79.75081594834654
mija	108	77.06912231456953
ača	106	80.3684699084307
e	104	63.50780668754265
lja	102	66.68277522386931
ačica	102	60.73440570739875
kcija	101	80.99352180754397
nija	100	78.22514057550461
eta	98	72.46395602002706
ovina	98	64.71172030490979
ljica	98	52.985771401009366
ara	97	80.99325198939927
arka	97	28.181094332695714
avost	96	80.30106593904821
tura	95	78.83178853940129
rnica	95	57.07940276177711
ža	90	74.41793517592244
orica	86	44.2312751240873
ana	84	75.84119788725432
arica	84	59.13866835976686
stica	83	49.62206636754349
tnica	83	47.89050078333959
fija	82	74.70129882937144
itost	81	80.99190306594613
alica	79	50.01689283444524
jnost	78	80.99158777559731
rina	78	80.99158777559731
ava	78	77.38261584325922
ća	78	77.37834496192039
jka	78	28.143347399472457
avica	77	54.1506256756474
anica	77	40.823804914091234
lost	76	80.1114318966356
sija	75	79.17378490775005
šica	75	53.696586859733195
onica	75	47.844790211278024
sa	73	51.41755677846043
afija	72	74.85783160911544
dnica	72	52.01666751426536
era	71	76.99535962020002
pija	69	77.95486521836683
ula	68	70.65855617381999
pa	67	63.101459247481905
stika	66	80.99003583128197
arija	65	80.98988025715975
eza	64	79.9387335184928
snost	64	79.9387335184928
ala	64	73.98637005035962
aca	63	80.9895540685036
aža	63	75.16939772251555
ašica	60	54.29612818705952
erica	60	43.002879055506284
vnica	60	36.98601806917027
erija	58	80.98863856415463
kost	58	78.60454428561073
icija	57	79.80308603625322
vka	57	22.155998432491252
oća	56	79.78082938141692
znost	55	80.98800798405533
lina	55	79.75773079012653
etina	54	77.03126576747995
ola	53	75.48129127380638
snica	53	40.207793237296926
ena	52	80.98730331962315
lija	52	80.98730331962315
aza	51	80.98704966746182
čina	51	78.25237312283807
jača	50	79.62776570585146
ela	50	68.05853725424703
anka	50	24.84334395018812
nina	48	79.56785095261941
oda	48	78.07082471540782
ša	48	71.23550686886242
čarka	48	33.579792772462696
ština	47	74.69025892900686
dba	47	58.223049769040216
ona	46	72.67088409864483
ljka	46	29.998587009686943
ginja	45	77.85676383794903
dnja	45	76.15177405807523
tija	44	80.98494434812932
njica	44	49.85624213116984
tka	44	21.604256967032356
trija	43	79.39244138734502
dica	43	61.14671631791047
ilica	42	55.699633691373286
njača	40	79.26500636289686
eka	40	64.20795446243099
ota	39	80.9829666838664
omija	39	79.21793167269524
kica	39	63.86707304059428
nta	38	42.02044140377662
čnica	38	40.78152348051914
nika	37	77.11183329491845
ška	37	43.70597235136361
erka	37	23.85920907040919
ata	36	80.98150954954477
iza	36	80.98150954954477
šnost	36	80.98150954954477
opija	36	76.99335363427817
iva	36	74.80144752051677
emija	36	72.41764567844169
uka	36	53.1533048917541
atura	35	80.98096685290639
adnja	35	79.00109529046951
onija	35	79.00109529046945
una	35	64.06157610156521
je	34	78.93841897645468
ska	34	14.389079610028558
žnost	33	80.979780014153
ora	33	78.87170317455649
žnica	33	53.63851718338893
aka	33	52.83900125494123
ntica	33	49.32450532815122
inka	33	38.767981465560155
arina	32	80.97912935315276
ila	32	78.80054609902349
anija	32	76.43808563038243
ama	32	71.15490940668207
jnica	32	59.291050633140216
mnost	31	78.72449108094747
oba	31	64.6935791337723
uga	31	58.12098304180267
sta	31	39.81402616000758
bica	31	38.094981443305144
nca	31	28.2122281258218
bina	30	80.97769389614648
uša	30	78.64301690487194
rana	30	76.09918099376112
aja	30	73.34376406943056
nda	30	63.838709327004445
jada	30	60.290056412031845
oga	30	56.58038000556169
šnica	30	53.74271090353939
aljka	30	47.345110436207975
dija	29	80.9768995642447
ema	29	80.9768995642447
evina	29	80.9768995642447
rada	29	80.9768995642447
utost	29	80.9768995642447
eja	29	78.55552603748349
lika	29	75.92435406559034
uda	29	73.0389537534231
žba	29	39.830446448990195
esija	28	80.97604663580283
lka	28	30.748445164367624
znica	28	29.690565946436227
bnost	27	80.97512838623875
rika	27	80.97512838623875
mica	27	42.24721661463285
ulja	26	80.97413702230256
jera	26	78.24950538892809
ijada	26	56.228244063998694
pica	26	41.08850241037238
tra	26	28.49331243310442
atija	25	80.97306346125809
jena	25	80.97306346125809
otina	25	80.97306346125809
est	25	75.00789067072937
roza	25	75.00789067072937
ha	25	46.77055770676866
alka	25	32.11837642423213
lnica	25	31.26146926743736
atost	24	80.97189705301676
eda	24	80.97189705301676
etika	24	80.97189705301676
noća	24	80.97189705301676
dina	24	77.99942435978281
aga	24	54.75782537132241
orija	23	80.97062522727906
bija	23	74.38788162984802
kula	23	57.54092815876966
rma	23	30.309159998805626
apija	22	80.96923304098875
ije	22	80.96923304098875
izaca	22	80.96923304098875
vača	22	80.96923304098875
zaca	22	80.96923304098875
ksija	22	77.69979003607841
neza	22	77.69979003607841
java	22	74.04285791257415
ovica	22	70.09638339741316
atika	21	80.96770259166838
ast	21	80.96770259166836
liza	21	80.96770259166836
elost	21	77.52659114761668
pina	21	77.52659114761668
jest	21	73.6979038458219
rna	21	64.67380075911227
anca	21	35.31524052528113
enka	21	22.48246665229816
ida	20	80.9660122479262
olja	20	80.9660122479262
ucija	20	80.9660122479262
ijest	20	73.27825744351388
elica	20	53.16236452976418
iga	20	42.405612151047784
čka	20	37.88077358449746
olica	20	36.747865169012705
ovka	20	28.651572806552213
avka	20	16.638540938377293
jina	19	80.96413562713326
ovača	19	80.96413562713326
ktura	19	77.11999801900389
ce	19	67.8845307497833
fera	19	67.8845307497833
ice	19	67.8845307497833
idba	19	50.644297548941964
loga	19	50.644297548941964
etka	19	31.675127544695606
orka	19	30.318674306995778
žica	19	25.739116588279913
teka	18	80.96204021792205
ita	18	80.96204021792204
rzija	18	80.96204021792204
tava	18	80.96204021792204
toza	18	76.87928645971961
ačina	18	76.87928645971958
tiva	18	76.87928645971958
uza	18	76.87928645971958
đa	18	76.87928645971958
sfera	18	66.99657697599737
sica	18	61.72132402891943
rba	18	61.60320308442803
tva	18	32.028863854611316
alost	17	80.95968549498969
ezija	17	80.95968549498969
mina	17	80.95968549498969
pcija	17	80.95968549498969
upa	17	80.95968549498969
oteka	17	80.95968549498966
azija	17	76.60719249864718
eneza	17	76.60719249864718
izija	17	76.60719249864718
rgija	17	76.60719249864718
ilja	17	76.60719249864717
taža	17	76.60719249864717
d	17	59.78728032692562
zma	17	46.130430554960014
inica	17	24.180499749640653
pka	17	20.336683810220226
alija	16	80.95702029411221
uma	16	80.95702029411221
uzija	16	80.95702029411221
lada	16	76.29724125348123
loza	16	76.29724125348123
obija	16	70.91367846888657
ć	16	64.82825375784714
fa	16	58.61841936747915
pnica	16	52.26035931054425
ega	16	51.71827153227801
ćica	16	44.5479777648555
anta	16	28.6114561329544
ojka	16	27.758723217990624
esa	15	80.95397908583301
hija	15	80.95397908583301
noza	15	80.95397908583301
pnost	15	80.95397908583301
tnja	15	80.95397908583298
uta	15	75.94107068927016
mika	15	75.94107068927015
edba	15	63.488991742514436
moć	15	63.488991742514436
oć	15	63.488991742514436
unica	15	56.79096686242746
zda	15	56.18817598963331
rda	15	40.35959751318757
daja	14	80.950476569738
ova	14	80.950476569738
rala	14	80.950476569738
stava	14	80.950476569738
teza	14	80.950476569738
enija	14	75.52769997052998
nada	14	75.52769997052998
rava	14	75.52769997052998
uška	14	75.52769997052998
atica	14	61.92542479342587
glica	14	47.373821440675385
oka	14	39.31628026121918
ičica	14	30.37177617452167
mka	14	25.62310601674088
rta	14	25.18389397119988
asa	13	80.94639963737883
avina	13	80.94639963737883
lata	13	80.94639963737883
ologa	13	80.94639963737883
rema	13	80.94639963737883
stina	13	80.94639963737883
šina	13	80.94639963737883
amija	13	75.04243387042841
ltura	13	75.04243387042841
ivica	13	75.0424338704284
vala	13	68.06058201863408
nga	13	68.06058201863404
gra	13	60.549170030478024
le	13	52.730563916240875
ansa	13	51.311991607813134
nsa	13	51.311991607813134
trica	13	29.36650853029886
gica	13	28.81372075323065
n	13	23.142946397517296
aliza	12	80.94159508297676
egija	12	80.94159508297676
etost	12	80.94159508297676
goda	12	80.94159508297676
ima	12	80.94159508297676
isija	12	80.94159508297676
nzija	12	80.94159508297676
rupa	12	80.94159508297676
taza	12	80.94159508297676
zina	12	80.94159508297676
žina	12	80.94159508297676
mba	12	66.93666618002369
ista	12	66.73594199265854
kada	12	66.73594199265854
ruga	12	66.73594199265852
ruka	12	57.8776585258727
zica	12	40.89973162848698
dra	12	31.97942894487869
irka	12	17.973712018574904
bolja	11	80.93585019433468
erina	11	80.93585019433468
isa	11	80.93585019433468
jara	11	80.93585019433468
koća	11	80.93585019433468
laža	11	80.93585019433468
lije	11	80.93585019433468
olija	11	80.93585019433468
plata	11	80.93585019433468
stija	11	80.93585019433468
zona	11	80.93585019433468
ćnost	11	80.93585019433468
arna	11	73.76775102025061
ira	11	73.76775102025059
kva	11	73.76775102025059
upina	11	73.76775102025059
apa	11	73.76775102025057
elja	11	73.76775102025057
lana	11	73.76775102025057
lava	11	73.76775102025057
naža	11	73.76775102025057
uba	11	73.76775102025057
nčica	11	55.96580442269204
keta	11	55.21309343416466
anda	11	55.21309343416465
aba	11	44.47593612904581
kvica	11	37.301985278332374
enta	11	33.61195927404783
esta	11	33.61195927404783
žnja	11	33.61195927404783
bnica	11	28.314807703929628
jerka	11	28.314807703929628
ćnica	11	27.709660339723257
narka	11	20.937320524732502
eška	11	14.86057075485099
alina	10	80.92886092070096
atina	10	80.92886092070096
ilija	10	80.92886092070096
jeda	10	80.92886092070096
koza	10	80.92886092070096
mjena	10	80.92886092070096
njava	10	80.92886092070096
opa	10	80.92886092070096
orina	10	80.92886092070096
prema	10	80.92886092070096
rhija	10	80.92886092070096
taca	10	80.92886092070096
tkost	10	80.92886092070096
urina	10	80.92886092070096
igra	10	80.92886092070094
utika	10	80.92886092070093
tinja	10	72.90948910446751
urija	10	72.90948910446751
vija	10	72.90948910446751
leta	10	72.9094891044675
raža	10	72.9094891044675
adica	10	72.90948910446748
laka	10	63.142504630786924
odica	10	63.142504630786924
redba	10	63.142504630786924
bula	10	63.14250463078691
etica	10	52.921402020144676
raka	10	52.921402020144676
rva	10	52.921402020144676
riga	10	41.73577442523677
užba	10	41.73577442523677
šnja	10	41.73577442523677
arda	10	40.00431528187843
ad	10	40.00431528187841
ivka	10	33.07922572076079
ajka	10	32.20225892337123
gla	10	22.430405487982735
