i	10209	80.08868537139695
ki	7477	86.92730668710676
n	6825	29.508843043529307
ski	5337	92.20759832591992
an	5259	42.080828263065875
ni	2154	86.71761493303485
v	1739	50.31380221874532
čki	1674	71.7396955169017
en	1486	67.2823581251513
nski	1437	93.51078116548791
jski	1258	107.84319935091565
iv	1257	52.22805607009176
ički	1135	65.57729146961017
t	1008	53.91134839674852
rski	986	84.59961742465303
ran	928	26.698519358863045
ijski	919	110.82850499347535
jiv	728	50.11660800832245
čan	697	55.20398940340725
tan	691	46.315877907308945
lan	682	45.60328051123866
van	620	46.077554899400376
ljiv	600	49.55321952680382
anski	565	98.67121245939121
tički	541	59.51609001282459
tski	516	76.90576167434838
alan	510	49.823247475832495
st	509	58.01939025716453
ast	488	58.83055368348413
ičan	487	58.844175513859554
ački	472	80.40805379885595
arski	445	77.86545958187497
av	435	47.67349344986991
ški	431	76.68360639540018
jen	420	67.3905559650583
iran	395	78.39836052186934
dan	394	52.63197319427929
nički	385	61.89543629238982
ivan	372	50.48339545181473
inski	360	90.7943187931522
tni	358	108.92803361550746
ći	280	172.9893359465013
k	280	32.58173513100722
tivan	279	51.868192401101
ljen	274	68.52540915595404
onski	266	90.45335897929803
it	256	47.32927883760983
vski	245	93.70024531163479
orski	233	84.67298345781953
lni	229	127.57020462873207
zan	225	40.57353406084639
vni	219	75.91010121063452
jan	217	44.50119711662911
erski	216	99.10125716044766
ntan	215	48.71065300686784
ji	203	170.0444352387042
tičan	201	59.919672658280774
mski	200	90.49044942586767
dni	198	78.48017930634254
aran	198	52.34658194162762
lski	195	95.81832983745194
ući	193	172.9845047025113
rni	191	90.66133987277118
dski	190	91.52511421313878
san	186	51.66891369556372
čni	182	83.0163530264368
enski	180	91.57403702678613
oški	180	50.25242469687197
jući	174	172.98280328162966
atski	170	77.18124056054896
alni	159	138.0848985548658
loški	159	49.886840612777966
oran	155	51.64058820686793
nji	153	171.02537014045544
o	145	25.083826776590705
vački	144	112.09512761436363
sni	143	62.63672541494065
ovski	142	88.76815838377803
vit	141	48.10854115269238
ren	136	69.28482418889341
žan	131	59.30413800950876
pski	129	81.996121026299
ajući	128	172.97657654334893
šan	127	45.140834682673194
etan	125	52.7957809659728
entan	125	50.72226731650838
aški	123	86.46483148389004
đen	123	72.98567304178884
ak	122	16.76448778445702
at	121	49.28237022431404
ovit	120	47.55362267372412
ljski	116	109.90198890993682
ilan	114	58.63032382637488
etski	112	74.51027822242953
ični	110	87.90111498206413
nalan	110	53.58968473981854
eni	107	114.17900491324356
šnji	105	172.97139856338129
njski	105	111.24710293919993
ven	105	77.42988479826299
tljiv	105	46.78008157949085
man	104	65.21153201334693
ozan	103	47.88965062591759
njiv	99	53.366362020101704
etni	98	111.83275930604186
žen	97	56.85365303562984
ovan	97	35.83148020959559
jni	96	70.21970120692
čen	95	71.65158305600279
fski	95	50.21184561522033
jalan	93	52.073448938352065
ziran	92	57.90707877705426
ut	89	63.07877596397973
avan	89	58.06037303503505
šen	88	60.665978546414216
odan	88	58.12578994266813
edan	88	54.54783648164145
ban	88	38.336198713180316
atan	87	82.08288079654646
njen	87	71.86649328581625
zni	87	68.70522981354009
kast	87	67.15430301148909
antan	87	61.67310835199531
riv	86	54.01588464488851
atni	85	109.32835526624774
afski	84	47.10473960791505
vljen	82	83.0327826749766
jački	81	61.59200922276649
žni	81	52.4339228861748
živ	80	57.384081010240735
stan	80	42.23446772121055
eran	78	56.78602945813748
ntski	77	77.12815927338228
arni	76	105.78470249573424
dljiv	76	49.01883036589977
ćen	75	65.26182985166575
div	75	56.39230706452784
nast	74	55.18578448766179
ben	73	61.809147089226734
ralan	73	47.82259074968732
ovni	72	81.73582046408315
ao	72	33.827217894115094
nut	71	57.34712705257105
išnji	68	172.95561574302667
idan	68	59.65738495142356
tiv	68	50.28193640728693
talan	68	46.53084667875025
rički	67	102.3208481994655
avni	67	66.3874403849934
šni	66	52.25777023662926
ljan	66	42.88319643763636
odni	65	66.58318388692105
ejski	64	84.5971326881049
opski	64	77.74689100299125
len	64	69.46766022780581
itski	64	59.09046100342885
ojan	64	48.97202770084058
laran	63	82.36402334620246
lav	63	54.07760225100439
čast	62	81.10573380236649
jast	62	47.07813879685801
tav	61	44.26311102588277
eći	59	172.94873540871376
avski	59	97.72130313504982
azan	58	47.26428183785109
amski	57	87.52285572411454
čav	57	54.863354888162924
asan	56	73.30997004381551
jeran	56	63.15556736869664
ajan	56	54.910625479262094
adski	55	84.88211246873144
unski	55	76.75180336048288
lački	55	67.48861411746117
ačan	55	59.94175795472536
ičav	55	51.599045467168345
oban	55	49.91831227861438
jav	55	48.143391430336486
tven	54	68.91409000698505
adan	54	66.38092799762902
men	54	53.49214229585138
bilan	53	67.29936435113464
rljiv	53	67.29936435113464
g	53	45.706374019817986
ten	52	69.83434903966783
vljiv	52	61.56076870519104
olski	51	87.81555513167848
utan	51	57.58813644074826
ik	51	54.771097975830884
pan	51	40.827907490063275
lik	50	56.364816630716994
zivan	50	50.161976417515795
omski	49	84.73424694084667
alski	49	71.7902466469009
ričan	49	61.01073967332225
kav	49	52.8775594960928
r	49	23.500375895569306
ajni	47	80.3101193255073
orni	47	75.44171077021879
irski	47	68.4234333737456
mljiv	47	48.365050045813426
ličan	46	63.60376366581105
učan	46	61.420415398698225
čiv	46	54.68344692495036
ujući	45	172.9324480051159
itni	45	140.0222169731325
išni	45	66.38243863891874
taran	45	61.65701305915344
ađen	44	80.180305718172
ničan	44	59.651038904469154
udan	44	52.08834743863876
pljiv	44	50.62002290634121
idni	43	131.8970973935962
li	43	101.4001956719033
urski	43	95.89138617850625
otski	43	90.40435621909937
stven	43	72.499808777292
niran	43	68.00419024815511
žljiv	43	48.50689860528377
uran	42	45.046058787910944
itan	42	41.04486518650079
isan	42	33.99407545455101
tiran	41	97.29639254014656
uk	41	58.130867882800956
ualan	41	53.261372931384805
nački	40	102.75785619655421
ilski	40	96.79420832999713
olik	40	66.30123272308505
mičan	40	55.90017423318734
nat	40	51.002769351130944
edni	39	69.63973575860354
pni	39	58.736093726929376
ok	39	48.72992502876769
iozan	39	44.88522253520097
ivni	38	92.38536398994805
ičast	38	86.45589150852386
ravan	38	73.88862680181386
voran	38	73.23020325491889
ažni	38	61.7887993018388
azni	38	56.39412969352952
rast	38	52.85967101173075
biv	38	51.22479246022998
otan	38	47.19798314262899
eški	37	85.05508815292782
siv	37	60.22742087085716
jetan	37	59.40972607919387
ečan	37	55.619659690623166
og	37	50.51261633761366
glav	37	48.77737486491026
ušan	37	47.6242418169074
ečki	36	139.953439312753
evski	36	117.03586031735925
ani	36	116.55192835664904
mni	36	88.45120220038275
evni	36	68.63590601355338
adni	36	62.668635986424334
last	36	51.47185765993225
ilni	35	130.79997884816336
elski	35	115.5440232167739
ciran	35	107.40688969225243
lički	35	86.34727188737887
evan	35	73.82324951235172
nični	35	72.48348678019482
stiv	35	50.70517655167181
bljiv	35	48.88821682746193
užan	35	48.102461313311636
stran	35	44.66190342755192
tran	35	44.66190342755192
beni	34	137.95150590803908
šten	34	76.65516559778402
redan	34	58.46430407922831
ažen	34	52.70787417845234
oljan	34	51.74845427442242
šiv	34	51.74845427442241
usni	33	81.18734289194632
den	33	74.91947368766674
ruk	33	61.01436775867951
mljen	33	55.816682542992005
nit	33	49.012546905545726
oglav	33	49.012546905545726
ljast	33	44.530011342631454
kan	33	42.54119191123992
utni	32	109.90960539413933
uman	32	55.33842385126281
ešan	32	44.98998290726506
ar	32	40.57516362033956
ezan	32	22.25310818513148
larni	31	153.40884291985424
nalni	31	134.73255162762553
imski	31	100.69219620005045
pljen	31	91.50529419924281
očan	31	76.12848069015374
on	31	68.89472671806585
d	31	53.069132316492066
rački	31	51.942051443275176
oriv	31	49.15298710168006
šljiv	31	49.15298710168006
jubiv	31	49.152987101680054
ubiv	31	49.152987101680054
ašnji	30	172.89760335003115
idski	30	133.4876000549109
talni	30	133.3569403091214
eski	30	90.5748542008135
ežan	30	74.8950012506711
eđen	30	73.40615040126498
eljen	30	60.04573482765835
učen	30	59.057594625881435
bni	30	52.41429193687166
sivan	30	52.41429193687166
osan	30	47.26850835671972
ožan	29	95.57120877395604
esni	29	86.53191615805703
emski	29	80.37384462844366
mički	29	78.36416009417917
dben	29	63.086963516319784
miran	29	59.321444316438836
ediv	29	56.00567764704611
enjiv	29	56.00567764704611
s	29	51.38878754419891
esan	29	46.833959163443794
oren	28	68.46993180646894
ktan	28	67.53435919477803
ojen	28	61.009386269271054
ođen	28	61.009386269271054
ašan	28	59.97237080224623
un	28	47.2902537880406
kalan	28	46.09013789784654
lovan	28	39.36645322367522
ev	27	172.88583047875025
iški	27	139.63095586109
ntni	27	108.78710829406565
eden	27	65.37688244391072
gen	27	64.36749140750585
ogen	27	64.36749140750585
toran	27	64.36749140750585
l	27	61.16871692266487
os	27	56.70847347403454
ziv	27	56.70847347403454
enast	27	51.686189126388214
aljiv	27	49.49659081059063
ječan	27	49.49659081059063
ljav	27	49.49659081059063
ojiv	27	49.49659081059063
aći	26	172.88128143732476
erni	26	87.74211431006754
rški	26	78.76816426116491
rdan	26	53.289288543742735
nosan	26	47.31398882528529
ralni	25	148.66273626339003
rađen	25	104.01344462578155
odski	25	94.42622863367394
lasan	25	93.80265728441456
siran	25	93.80265728441454
riran	25	84.02530050412207
rodan	25	59.69101603879725
adiv	25	57.52789833459379
malan	25	57.52789833459379
nog	25	57.52789833459379
retan	25	57.52789833459379
ješan	25	53.688403910209566
ašen	25	49.70984611601397
eren	25	49.70984611601397
pav	25	49.70984611601397
estan	25	41.61231673746811
jetni	24	101.36306311065017
umski	24	82.25999657847456
enjen	24	81.661175077023
aćen	24	74.25476265919175
anjen	24	72.28618617259343
aren	24	71.28248037714462
slen	24	62.283917695446746
vodni	24	62.28391769544673
ajski	24	55.109534147899936
ojni	24	53.83863794648293
onog	24	53.83863794648293
rav	24	48.500208735199
jedan	24	47.33986059000845
njast	24	45.96681724998986
njav	24	45.96681724998986
ravni	23	109.84652583270663
urni	23	109.84652583270663
ečni	23	98.51179244934832
ečen	23	88.44302278715371
mački	23	88.44302278715371
tivni	23	88.44302278715371
utski	23	79.36797276812713
isni	23	67.64358965541061
anjiv	23	58.49557240700727
eljiv	23	58.49557240700727
osni	23	49.960408941411224
čji	22	172.85878057064227
oidni	22	132.13937838542253
ratni	22	119.40595749220952
turni	22	119.40595749220952
ojski	22	85.12544366824947
vidan	22	84.2770000061197
kovni	22	73.711697815951
udski	22	66.45682307135975
sit	22	55.8470484014671
inast	22	54.490336318810314
naran	22	47.36793786492075
rovit	22	45.88869108060992
nški	21	117.3093145946767
rtski	21	104.77941607573813
ti	21	104.77941607573813
uski	21	93.2920359728104
eo	21	62.04293737661334
ušen	21	60.9791858674974
kos	21	59.65566926047062
oman	21	59.65566926047062
ožen	21	51.73457606364184
gičan	21	50.25901246378901
nljiv	21	50.259012463789006
p	21	40.11288531036948
ćan	21	38.82054633228293
nutni	20	172.84400435615558
satni	20	142.53763516405158
ratan	20	114.68799212734153
lišni	20	101.07188480929597
jedni	20	88.51673344145586
nkast	20	77.7281966074118
olni	20	76.67204984588818
ov	20	76.67204984588815
ndski	20	68.26602287346981
urški	20	66.84672924624377
ražen	20	65.5792608733428
asni	20	55.275919848075844
bljen	20	55.27591984807582
godan	20	55.27591984807582
ijen	20	55.27591984807582
jeren	20	55.27591984807582
okos	20	55.27591984807582
oživ	20	55.27591984807582
ačen	20	45.79529727966803
kovit	20	45.79529727966803
poran	20	45.79529727966803
tetan	20	45.79529727966803
pisan	20	43.32343123759318
gan	20	36.0168527200565
vezan	20	29.58093047416151
ćki	19	156.61942878177425
ulski	19	141.01753557912318
liran	19	125.8248991488944
rdski	19	98.64033815727264
struk	19	72.41496577952498
truk	19	72.41496577952498
emen	19	61.07182726895287
iven	19	61.07182726895287
remen	19	61.07182726895287
ažan	19	61.071827268952866
ladan	19	52.215970673649856
ložen	19	52.215970673649856
evit	19	50.620946345981075
nen	19	50.620946345981075
knut	19	42.83456476796821
uć	18	155.68398717631385
ć	18	155.68398717631385
entni	18	123.27544598913268
ljni	18	93.81991377291385
nevni	18	80.3576039775871
ršen	18	80.3576039775871
olan	18	67.8146963948804
voren	18	67.8146963948804
et	18	57.8029966002379
aman	18	56.241364668018775
cat	18	56.241364668018775
enit	18	56.241364668018775
jaški	18	56.241364668018775
m	18	56.241364668018775
nčan	18	56.241364668018775
očni	18	56.241364668018775
h	18	50.60720959582116
upan	18	49.79230956494762
viran	18	49.79230956494762
tak	18	48.71700747566171
ijan	18	47.42982826118667
eriv	18	45.681675722520694
irni	18	45.681675722520694
zdan	18	45.681675722520694
ićki	17	154.63631979761962
inški	17	120.77606326278699
gaški	17	104.58747736134195
giran	17	104.58747736134195
sečni	17	104.58747736134195
bran	17	75.72024661840969
ćni	17	75.72024661840969
dušan	17	62.8391911773223
moran	17	62.8391911773223
tilan	17	62.8391911773223
odiv	17	52.802314014888104
tast	17	52.802314014888104
ariv	17	51.06876379769455
rtni	17	51.06876379769455
uživ	17	51.06876379769455
ek	17	45.04301698166406
užen	17	42.36636963891283
tao	17	37.6883896579612
han	17	23.765652222159407
lji	16	172.80275860961166
ezni	16	117.2817916829476
veni	16	117.2817916829476
veden	16	85.06950658964378
otni	16	85.06950658964377
edski	16	72.84852009139628
drživ	16	70.6526972213703
iman	16	70.6526972213703
lazan	16	70.6526972213703
rživ	16	70.6526972213703
zoran	16	70.6526972213703
lak	16	60.78218290524304
gav	16	57.45642369039892
ook	16	57.45642369039892
rođen	16	57.45642369039892
vatan	16	57.45642369039892
rodni	16	57.45642369039891
zak	16	57.45642369039891
io	16	50.908558120736146
usan	16	47.46167726185162
rozan	16	45.540456767593575
zičan	16	45.540456767593575
čit	16	45.540456767593575
štav	16	45.540456767593575
metan	16	39.80687747066871
tojan	16	31.7754201867147
rak	16	25.467632253921987
uški	15	152.11355244371308
metni	15	132.39152034763157
elen	15	132.39152034763154
zelen	15	132.39152034763154
ačni	15	113.73102961219323
ložan	15	113.73102961219323
pisni	15	113.73102961219323
rpski	15	97.3327947198336
lazni	15	96.23470559955868
diran	15	96.23470559955867
upni	15	96.23470559955867
račan	15	79.99780932830467
vršen	15	79.99780932830467
elni	15	79.99780932830465
nosni	15	79.99780932830465
apski	15	67.92616026107092
elan	15	66.68836692292034
ređen	15	65.10665636940004
užni	15	65.10665636940003
gnut	15	54.93471901507917
idben	15	51.63718110796575
jevit	15	51.63718110796575
menit	15	51.63718110796575
riven	15	51.63718110796575
uljen	15	51.63718110796575
učiv	15	51.63718110796575
vojiv	15	51.63718110796575
ražni	15	51.63718110796573
tački	15	51.63718110796573
učni	15	51.63718110796573
dovit	15	41.77472628179419
čljiv	15	41.77472628179419
ro	14	150.57687923296064
kalni	14	129.51670034532526
el	14	93.10938858571681
jel	14	93.10938858571681
ealan	14	91.30146995051226
rven	14	91.30146995051226
vički	14	91.30146995051226
šćen	14	91.30146995051226
ežen	14	75.78863598115552
član	14	75.78863598115552
rični	14	74.37375005632354
oljen	14	74.37375005632353
vičan	14	74.37375005632353
ledan	14	62.12459333424842
ozni	14	59.032291750396595
raški	14	59.032291750396595
aljen	14	59.03229175039659
ešiv	14	59.03229175039659
glast	14	59.03229175039659
rtan	14	59.03229175039659
roban	14	49.97682287908746
in	14	49.564166530707254
hodan	14	49.05469915823493
obni	14	45.360195896403944
doban	14	45.36019589640394
ektan	14	45.36019589640394
razan	14	45.36019589640394
ativ	14	45.36019589640393
cav	14	45.36019589640393
dast	14	45.36019589640393
lativ	14	45.36019589640393
lašen	14	45.36019589640393
oruk	14	45.36019589640393
past	14	45.36019589640393
skav	14	45.36019589640393
vast	14	45.36019589640393
zav	14	45.36019589640393
ostiv	14	37.51128980214435
novan	14	22.061614463449597
juć	13	172.7540556202124
večki	13	172.7540556202124
ijel	13	106.11987097442508
aski	13	105.82529189589506
eban	13	86.91240653304486
ktni	13	85.7474273979797
lovni	13	85.7474273979797
ouman	13	85.7474273979797
plav	13	85.7474273979797
tični	13	85.7474273979797
učki	13	85.7474273979797
kao	13	85.74742739797969
ostan	13	85.74742739797969
turan	13	85.74742739797969
ušni	13	85.74742739797969
kaški	13	69.77907256876871
jeđen	13	68.12107475652974
piv	13	68.12107475652974
rušen	13	68.12107475652974
ročan	13	68.12107475652971
rvan	13	68.12107475652971
dak	13	54.465052435462766
ižan	13	54.46505243546274
iljen	13	52.38256807659153
lovit	13	52.38256807659153
mast	13	52.38256807659153
novit	13	52.38256807659153
torni	13	52.38256807659153
unast	13	52.38256807659153
uren	13	52.38256807659153
uđen	13	52.38256807659153
šljen	13	52.38256807659153
lozan	13	52.382568076591525
soban	13	52.382568076591525
izan	13	43.95386383366334
eljan	13	42.7385073626299
ep	13	42.7385073626299
lačan	13	42.7385073626299
itak	13	41.00359821839637
tar	13	24.61348500822012
čev	12	172.73202826679093
dbeni	12	146.72255733692054
tetni	12	146.72255733692054
bojan	12	122.39514205389378
kutan	12	122.39514205389378
valni	12	122.39514205389374
ali	12	101.09994234638444
astan	12	99.92297604924961
ićen	12	99.92297604924961
zični	12	99.92297604924961
osiv	12	80.86371555578464
očlan	12	80.86371555578464
eman	12	80.86371555578462
ruski	12	80.86371555578462
taški	12	80.86371555578462
ećen	12	79.46405231396751
ručan	12	79.46405231396751
jevni	12	79.4640523139675
radni	12	79.4640523139675
jevan	12	64.36816351614877
ujan	12	63.107682575476325
bičan	12	61.15779778169377
islen	12	61.15779778169377
krvan	12	61.15779778169377
loživ	12	61.15779778169377
mben	12	61.15779778169377
redni	12	61.15779778169377
tavan	12	61.15779778169377
išan	12	49.15312119203921
kovan	12	49.15312119203921
orast	12	47.507096949405
tajni	12	47.507096949405
dar	12	45.12210556192254
can	12	45.12210556192253
daran	12	45.12210556192253
ečiv	12	45.12210556192253
injen	12	45.12210556192253
ječiv	12	45.12210556192253
načan	12	45.12210556192253
oljiv	12	45.12210556192253
snat	12	45.12210556192253
voriv	12	45.12210556192253
votan	12	45.12210556192253
uzan	12	37.10801616426928
ag	12	27.13582740718731
pak	12	26.985273359462422
ružan	12	18.560805767504654
jev	11	172.7056937213203
očki	11	144.26319418234522
rani	11	144.26319418234522
retni	11	144.26319418234522
bijel	11	118.31973932042004
leski	11	118.31973932042004
katni	11	117.92129079320674
tarni	11	117.92129079320674
tveni	11	117.92129079320674
uo	11	94.8975442533373
abran	11	93.88144280436504
dičan	11	93.88144280436504
izni	11	93.88144280436504
stni	11	93.88144280436504
đ	11	74.0181513366075
pun	11	74.01815133660749
bitan	11	72.32378208805167
emni	11	72.32378208805167
rajan	11	72.32378208805167
čajan	11	72.32378208805167
čani	11	72.32378208805167
ikav	11	72.32378208805166
istan	11	57.1645599446567
zički	11	55.6997619355165
sen	11	55.69976193551649
uh	11	55.69976193551649
dav	11	53.402989356288366
davan	11	53.402989356288366
dački	11	53.402989356288366
estiv	11	53.402989356288366
ješiv	11	53.402989356288366
meni	11	53.402989356288366
moćan	11	53.402989356288366
oćan	11	53.402989356288366
tavni	11	53.402989356288366
rstan	11	30.72258734781507
jak	11	30.439244037706505
sav	11	29.578456091948592
nak	11	20.780089786383954
dnji	10	172.6736607068283
geni	10	141.3084643118674
ičen	10	141.3084643118674
rusni	10	141.3084643118674
ipski	10	113.13415972091619
crven	10	112.6227661325395
even	10	112.6227661325395
jeven	10	112.6227661325395
jesni	10	112.62276613253947
letni	10	112.62276613253947
sičan	10	112.62276613253947
jerni	10	86.8469545650891
kni	10	86.8469545650891
naški	10	86.8469545650891
vojni	10	86.8469545650891
vučan	10	86.8469545650891
žut	10	86.8469545650891
lični	10	66.24614582651026
varan	10	66.24614582651026
aživ	10	64.18168071443054
eziv	10	64.18168071443054
eživ	10	64.18168071443054
išten	10	64.18168071443054
latni	10	64.18168071443054
nolik	10	64.18168071443054
oidan	10	64.18168071443054
opiv	10	64.18168071443054
oslen	10	64.18168071443054
padan	10	64.18168071443054
rediv	10	64.18168071443054
reni	10	64.18168071443054
silan	10	64.18168071443054
upski	10	64.18168071443054
škast	10	64.18168071443054
koran	10	64.18168071443053
ožni	10	64.18168071443053
isok	10	49.186284135106376
sok	10	49.186284135106376
visok	10	49.186284135106376
ad	10	47.49195900933481
civ	10	44.79304074801586
eciv	10	44.79304074801586
imen	10	44.79304074801586
onjiv	10	44.79304074801586
reciv	10	44.79304074801586
ruživ	10	44.79304074801586
tren	10	44.79304074801586
unjav	10	44.79304074801586
zvan	10	44.79304074801586
šav	10	44.79304074801586
jesan	10	44.79304074801585
kusan	10	44.79304074801585
letan	10	44.79304074801585
važan	10	44.79304074801585
visan	10	44.79304074801585
b	10	35.17522487505373
žuran	10	34.88468794266044
fan	10	33.88585148122634
rog	10	33.88585148122634
star	10	23.812936603229783
tovan	10	23.3208824474507
