i	10718	130.5664635202869
ki	7779	149.99458525816823
n	7061	39.25093494378457
ski	5548	162.36979786725908
an	5431	57.531629815223546
ni	2324	137.31183695302408
v	1772	70.95916487302203
čki	1752	117.82929042186133
en	1546	104.11547240808338
nski	1501	165.945237474025
jski	1289	208.5525605756698
iv	1283	72.74015844324988
ički	1173	105.53003012108417
rski	1032	143.38660939306845
t	1024	79.97581688997546
ijski	937	221.54136264021554
ran	890	36.93495409088092
jiv	749	69.1151585544238
čan	718	79.36104127276126
tan	712	62.455720434150166
lan	697	73.4315065504389
van	678	60.487535729800214
ljiv	620	71.28846580239315
anski	591	181.7694340473416
tički	550	99.28020640015636
tski	530	128.8682610928064
alan	519	83.7279304024005
st	517	86.23080237206308
ački	510	137.5148698524145
ičan	500	91.4070424354356
ast	496	87.41630525514881
arski	479	128.5120640809033
ški	441	135.13279740172524
av	435	71.78919233426971
jen	423	105.50092513105342
dan	412	75.26135001439452
nički	401	94.31222986896513
inski	379	166.92181188060138
ivan	375	82.30554533582574
tni	369	194.02162023810965
iran	348	143.17721111259883
ći	294	521.8591287253852
k	287	44.19727085992031
tivan	281	85.69690792077823
ljen	277	108.43680953684762
onski	272	152.04069480191797
vski	259	172.11254887718778
it	256	66.52219733375314
orski	236	148.2138166830099
vni	234	117.3841292192863
lni	232	277.23702638708505
san	230	53.425293168558426
zan	228	58.956985991187764
jan	227	59.28226036557593
erski	223	176.96093582769856
ji	219	462.2834570713343
ntan	217	77.12902650022897
lski	211	166.5580710423043
mski	205	152.99267546683782
dni	203	125.46169889376908
tičan	202	98.8892994121194
ući	201	578.2978051015543
aran	200	84.56448057628232
rni	197	153.06475371730727
dski	195	164.10176659592713
čni	194	120.22042236741396
enski	190	147.87612271211955
jući	182	571.0178775115982
oški	180	82.43820956407554
atski	173	131.11989067933985
nji	163	472.42823459026215
vački	161	232.34926502276397
o	161	33.44441741439134
alni	160	344.3097970439193
loški	159	82.10841934390498
oran	155	74.23996051819495
ovski	152	167.582462378883
sni	150	89.05100581185599
ovan	146	41.25214972094371
ren	143	104.02214849392162
vit	141	63.27320753844675
žan	138	75.75552588497642
pski	137	117.25836028547198
aški	129	153.88722427059926
đen	128	108.41848076177396
etan	128	52.72664155844256
entan	127	83.70338342787943
at	125	76.6988465014621
šan	125	55.04785635798677
ajući	124	591.510490805332
ljski	122	196.46143195912447
ak	122	21.56780204060368
etski	121	116.40291060602146
ovit	120	59.95026238334636
eni	116	212.3880733421806
ični	115	142.1508973660407
ven	115	104.00199297741932
ilan	114	97.50467735000495
šnji	111	553.6393700772398
nalan	111	90.0252501905065
man	108	103.57360117173266
jni	108	93.56645234160854
tljiv	107	54.83732459565449
njski	103	221.07598047934457
ozan	103	78.57100439983746
čen	100	99.22781434235277
njiv	100	52.70231138103097
etni	99	169.32504165615006
žen	99	89.69328814913477
edan	97	61.907690171789035
fski	96	82.96739558766058
atan	95	118.157236563278
odan	93	87.58435408296873
jalan	93	85.56049344913866
avan	93	80.28253083563816
njen	92	101.1834499204384
ut	91	102.60582561265828
ban	90	56.76099667133664
atni	89	228.9401338561898
zni	89	115.67075263147176
kast	88	93.89755280480048
šen	88	93.01354906143364
ćen	87	113.23673864780822
antan	87	102.59483353801382
riv	86	75.63700140006152
stan	86	48.86323052799238
jački	85	104.55274295933977
oni	85	86.35681429240746
afski	84	76.30069485948282
žni	83	82.33993619662881
vljen	81	144.88570195945712
ovni	81	121.29716844583979
eran	81	40.04146070333717
živ	80	86.3753399290739
ao	80	47.57391520538532
arni	79	205.35090166215917
dljiv	79	72.28086884800118
ziran	78	95.82907323474434
ntski	77	130.76502952758713
div	76	79.00352261743174
ioni	75	79.00351871647531
ben	74	100.33044446841345
nast	74	82.29858002539194
ralan	74	80.79655382331786
nut	73	93.20180282991025
isan	72	80.32953012572257
avni	70	112.6050589166333
tiv	70	74.68851948044347
išnji	69	596.968360325596
rički	69	162.01566570468378
idan	69	94.44065595930297
šni	69	79.48354971692345
talan	69	78.77533127739439
opski	68	98.44078649547302
ejski	67	148.16063135589528
odni	66	109.3914944700832
ljan	66	66.61297299066948
eći	65	361.2382217731703
len	65	107.13429505504142
cioni	65	89.24804999518143
laran	64	138.96609177223263
itski	64	94.26544849632809
ojan	64	74.15286664036168
lav	63	76.14540376260909
čast	62	133.59824555151937
jast	62	65.29074851904534
asan	61	123.08103237519482
tav	61	66.95447880609184
avski	60	185.82555778384764
lački	59	117.092469268304
tven	59	116.41757339266955
ajan	59	63.80969145606129
unski	58	130.82171303244039
rljiv	58	102.3366961849863
men	58	82.92791051248282
azan	58	69.64077838220953
ujući	57	527.0165211039545
amski	57	154.89193590221586
ten	57	134.57111724606483
čav	57	80.60398030953176
ačan	56	101.35584804465375
adski	55	148.42776364575633
oban	55	80.71515280908591
ičav	55	75.2555694371022
jav	55	74.5195212959658
olski	54	155.21693099921387
alski	54	111.21288211208487
adan	54	109.9627337571991
bilan	53	113.50361269708276
ik	53	71.84323028832227
g	53	66.2635035139842
vljiv	52	96.22451269126456
pan	52	55.54956315387942
r	52	34.34042845965132
ajni	51	108.77263679354178
utan	51	93.83309755116423
ričan	51	92.70925562628555
zivan	51	79.26461791081847
lik	51	76.71502063265642
ličan	50	96.1677505672104
omski	49	128.20906711699752
kav	49	86.38891922109647
mljiv	49	73.69791963298037
irski	48	107.2695385113821
ničan	48	83.62839268901692
redan	48	57.917211476468395
itni	47	298.268718324678
orni	47	129.30346141226968
stven	47	119.05280919158959
išni	47	94.54336929861287
ađen	46	136.10272738715008
učan	46	92.53375886822013
čiv	46	57.25635456716127
taran	45	102.68922005064931
udan	45	87.68472807261912
pljiv	45	69.20074936992287
otski	44	166.34119134446667
urski	44	166.34119134446667
li	44	101.91733422331333
uk	44	99.94925738795585
žljiv	44	83.17273322608249
itan	44	65.66752642153946
idni	43	310.4737271159685
nački	43	211.0869361350516
ualan	43	87.14444357827415
uran	43	68.1185757021932
ilski	41	167.84031403773324
ravan	41	106.01455607394202
olik	41	90.21502824024031
biv	41	73.53459474553868
ečan	41	31.038044326460785
elski	40	217.31920154347821
pni	40	101.40771645816497
voran	40	94.12826235890459
nat	40	83.76692873907307
edni	40	78.87041128282837
mičan	40	77.10457266319804
ivni	39	158.07882349132967
šten	39	157.29079208434018
ažni	39	97.26477719673247
ok	39	75.3134037349026
iozan	39	72.77274174478204
eški	38	153.760878081011
ičast	38	139.38639410995674
mni	38	138.64216697046092
niran	38	114.04263425193007
adni	38	103.39039121519983
azni	38	93.06573967794023
evni	38	87.1034996015717
rast	38	78.00335644897966
otan	38	77.08014850988212
ečki	37	316.4236108210369
evski	37	202.20513475738207
nični	37	121.13135303615492
siv	37	99.03599796144997
ušan	37	74.42831197131395
og	37	73.63328379360532
stran	37	72.52934827396167
tran	37	72.52934827396167
stiv	37	67.98509046794567
glav	37	60.6711767680661
ani	36	218.91489888747552
tiran	36	195.88091138537183
lički	36	159.15834590758894
ruk	36	105.52212420611114
last	36	84.49763018397721
beni	35	305.0281955398085
ilni	35	305.0281955398085
meran	35	102.55348086658762
bljiv	35	80.12801145233723
užan	35	74.5335776329259
šljiv	35	66.07729658173061
evan	35	48.80502141908918
ašnji	34	654.702036255681
on	34	132.38690765261225
den	34	120.10579211572048
mički	34	106.24172947936043
ažen	34	85.60420274450152
oljan	34	84.92977848527893
nit	34	77.01959349134556
esan	34	45.170441367166575
eo	34	35.005156280673496
mljen	33	90.952635053452
jubiv	33	72.59752322573927
ubiv	33	72.59752322573927
ar	33	66.22461072545592
kan	33	65.81869453974454
ljast	33	64.94957019262995
oglav	33	58.806244764384694
šiv	33	41.021554845494784
utni	32	221.1582458299779
imski	32	196.3844346114729
pljen	32	137.81711679582847
usni	32	136.83103149329142
uman	32	87.66513145200075
rački	32	87.23932025333319
osan	32	68.7009618490301
d	32	55.96846274451165
ezan	32	32.66433450273834
larni	31	445.3763224522345
idski	31	324.2498980609113
nalni	31	324.2498980609113
eski	31	149.42778139109342
ožan	31	148.5573301116161
očan	31	131.18033371870763
eljen	31	84.10682815430815
bni	31	81.23125707692476
oriv	31	80.48538890221523
lovan	31	57.59171540144006
ev	30	654.5238343535683
iški	30	371.50620873483916
talni	30	317.59135626594235
ojen	30	98.35880460475903
učen	30	97.65297215312836
sivan	30	85.97407641773887
ežan	30	69.92862609297221
eđen	30	69.50712108909761
s	30	69.01976218606389
ašan	29	105.03875505488794
dben	29	105.03875505488794
erni	29	94.86845095206046
miran	29	94.4724505540591
enjiv	29	81.49013589616074
un	29	81.49013589616074
ediv	29	56.63907461841823
ntni	28	194.84716877198454
umski	28	149.30741199958533
oren	28	114.21123264180665
ktan	28	113.51944284180158
esni	28	102.12030239350744
emski	28	101.77121105088197
ođen	28	99.995451950662
ajski	28	88.037135969129
kalan	28	75.34666528085435
nosan	28	67.49410042689291
ešan	28	39.24462125695182
estan	28	33.49361757473206
aći	27	654.35442879716
lasan	27	162.91245902311547
gen	27	107.38766199971133
ogen	27	107.38766199971133
toran	27	107.38766199971133
ziv	27	93.35947435546785
rodan	27	82.48665200893831
os	27	82.4866520089383
aljiv	27	80.95068136669164
ljav	27	80.95068136669164
ojiv	27	80.95068136669164
enast	27	72.66974631509532
osni	27	72.15237223424766
eren	27	41.353529334574894
ralni	26	416.2675317287405
ciran	26	288.98253497608937
rški	26	156.46779671757105
vodni	26	89.45677481960847
rdan	26	87.35524197578115
ojni	26	75.19314302469266
enjen	26	68.64293814486466
zovan	26	59.3014360109136
ćan	26	57.7544096541969
ravni	25	237.3630778888027
rađen	25	202.0762764302732
odski	25	173.55972718085008
aćen	25	130.0230290931889
ečni	25	112.8234210123405
eden	25	96.8146091954156
malan	25	94.74341713732557
retan	25	94.74341713732557
adiv	25	94.74341713732555
ečen	25	84.97098051013029
nog	25	82.12976658357411
ašen	25	81.24033155465371
pav	25	81.24033155465371
mački	25	63.06946654921855
l	25	21.340439222377018
ratni	24	273.1263462293453
siran	24	165.8726898527241
uski	24	143.08654724009102
utski	24	142.65076397106614
anjen	24	121.58763771500094
aren	24	120.83291874310677
anjiv	24	103.3588873121443
slen	24	103.3588873121443
šćen	24	89.11580051118759
asni	24	88.22764110053068
onog	24	88.22764110053068
rav	24	76.73997710327517
njav	24	65.22549420478599
njast	24	56.3425819315766
urni	23	220.6502302699
ti	23	158.37316687489928
ojski	23	157.95154864844162
tivni	23	157.95154864844162
ndski	23	115.50600760054274
isni	23	113.53336687587645
kovan	23	98.54896927448954
udski	23	98.39514573043076
kovni	23	84.28023359778378
sit	23	82.53136167901184
p	23	43.8738848922045
eljiv	23	43.54596012367809
čji	22	386.52278097513835
oidni	22	311.2726108280879
turni	22	255.19126200608366
ratan	22	177.84059715380718
struk	22	149.09109076461525
truk	22	149.09109076461525
vidan	22	149.09109076461522
ljni	22	127.5311077173865
ažan	22	125.73042475106779
oman	22	76.64156090984653
inast	22	75.82315508006982
naran	22	75.82315508006982
rovit	22	64.19506842478967
nljiv	22	30.845995162625496
ćki	21	486.39675937391524
ulski	21	302.1938207385597
nški	21	246.17550834805442
rtski	21	203.12510303590568
olni	21	118.51262820107864
emen	21	99.32262061952754
remen	21	99.32262061952754
ušen	21	99.32262061952754
kos	21	83.81562603547174
ožen	21	83.0079019689035
gičan	21	81.98935222527633
metan	21	40.858723559313304
nutni	20	653.7530947319362
satni	20	368.73132389731796
nkast	20	132.69676975828415
urški	20	132.69676975828415
ov	20	110.29050331022839
ražen	20	109.37074860487729
oživ	20	90.530029903562
bljen	20	76.51655511531307
okos	20	76.51655511531307
tetan	20	74.55521364752882
pisan	20	64.85091360770308
ređen	20	64.52309355695252
gan	20	53.355528339047474
nčan	20	52.99129891636046
ačen	20	52.59727955506155
kovit	20	43.68911123863289
vezan	20	43.47555377146674
ićki	19	472.0975346848157
entni	19	225.58067800518694
rdski	19	183.98837496523748
riran	19	183.0379889648012
lišni	19	150.45700898839954
nosni	19	124.418036351143
nevni	19	123.75341427223772
ćni	19	122.86337188146798
iven	19	100.84883872804473
olan	19	100.84883872804473
et	19	83.58267046706085
ložen	19	83.58267046706085
ladan	19	83.58267046706084
evit	19	82.48551070942389
nen	19	82.48551070942389
tak	19	69.73779993197351
poran	19	69.078129943407
knut	19	68.15528678462768
ek	19	29.843681972118308
lji	18	653.4913882701609
uć	18	464.0109236716441
ć	18	464.0109236716441
gaški	18	214.747657145418
ačni	18	172.64618239201397
bran	18	139.83068387286366
ršen	18	139.83068387286366
sečni	18	115.4664290107793
iman	18	113.56325867072064
otni	18	113.56325867072064
voren	18	113.56325867072064
odiv	18	93.18042868384958
očni	18	93.18042868384958
aman	18	92.09333333464849
godan	18	92.09333333464849
ijen	18	92.09333333464849
jaški	18	92.09333333464849
risan	18	77.63473039297394
hodan	18	77.5512972145319
h	18	77.48465414741153
enit	18	76.35406404769847
užen	18	75.44391463232695
vatan	18	75.44391463232695
irni	18	74.25195886142113
ledan	18	63.50079606012815
cat	18	62.72220745560039
m	18	62.72220745560039
upan	18	50.73505570936005
elan	18	50.47527904822553
zdan	18	50.22566835600425
eriv	18	31.359840681070764
liran	17	337.22868747784474
inški	17	259.4154629164758
dušan	17	103.97100016080194
moran	17	103.97100016080194
tilan	17	103.97100016080194
tovan	17	86.61645352819167
apski	17	85.56261683067679
tast	17	84.28978997833634
tački	17	84.28978997833634
učni	17	84.28978997833634
ariv	17	83.1022232968777
rtni	17	83.1022232968777
uživ	17	83.1022232968777
večan	17	68.841154684588
letni	17	68.77430211218505
tao	17	55.64046133271721
han	17	34.0750792109137
novan	17	34.0750792109137
ezni	16	246.65282036638948
giran	16	246.65282036638948
veni	16	246.65282036638948
kao	16	191.43560748888214
veden	16	150.52152752740113
edski	16	121.27774709034797
drživ	16	119.02879493845137
rživ	16	119.02879493845137
zoran	16	119.02879493845137
lak	16	96.35747091326252
elni	16	95.99540018322324
ozni	16	95.25098872819318
ook	16	94.0807778954475
rođen	16	94.0807778954475
zak	16	94.0807778954475
gav	16	76.13687612490625
usan	16	75.17828712283118
rozan	16	73.87638871864588
zičan	16	73.87638871864588
čit	16	60.97668747596043
štav	16	59.707981620184185
tojan	16	47.80424833989063
rak	16	36.79635856995069
ro	15	434.8863879921534
uški	15	434.8863879921534
elen	15	234.04391114757962
zelen	15	234.04391114757962
ložan	15	233.52937301719868
pisni	15	233.52937301719868
rpski	15	179.8762291641084
upni	15	178.88144695261258
vički	15	178.88144695261258
diran	15	178.88144695261252
lazni	15	178.88144695261252
eban	15	139.69681878620406
član	15	139.69681878620403
račan	15	138.74247565936707
vršen	15	138.74247565936705
taški	15	109.19111487605764
raški	15	108.05757624959409
rodni	15	108.05757624959409
užni	15	108.05757624959409
šljen	15	108.05757624959409
ežen	15	87.16631721318609
gnut	15	86.10400138298282
idben	15	83.88961122269615
jevit	15	83.88961122269615
menit	15	83.88961122269615
razan	15	83.88961122269615
ražni	15	83.88961122269615
riven	15	83.88961122269615
uljen	15	83.88961122269615
uren	15	83.88961122269615
učiv	15	83.88961122269615
uđen	15	83.88961122269615
vojiv	15	83.88961122269615
dovit	15	65.85379948167765
ijan	15	65.85379948167765
čljiv	15	65.85379948167765
ep	15	40.34813468161421
čev	14	652.730536057103
kalni	14	298.1360650622666
metni	14	298.1360650622666
jetni	14	219.5729689194159
rven	14	165.67524284625358
ealan	14	165.67524284625355
lovni	14	165.67524284625355
radni	14	165.67524284625355
ećen	14	128.4424726608879
istan	14	128.21620480737906
oljen	14	126.4555413280318
rični	14	126.4555413280318
tični	14	126.4555413280318
ušni	14	126.4555413280318
vičan	14	126.4555413280318
lazan	14	97.95466948968377
rtan	14	96.69291715668223
aljen	14	96.69291715668221
glast	14	96.69291715668221
roban	14	76.41125090466984
injen	14	74.83137348571903
doban	14	73.39913462633318
ektan	14	73.39913462633318
obni	14	73.39913462633318
ativ	14	73.39913462633316
lativ	14	73.39913462633316
lašen	14	73.39913462633316
past	14	73.39913462633316
skav	14	73.39913462633316
zav	14	73.39913462633316
in	14	58.49025329208821
izan	14	58.24019228044087
dast	14	57.45296149974468
oruk	14	57.452961499744674
ostiv	14	57.452961499744674
vast	14	57.452961499744674
cav	14	43.96192686929362
letan	14	43.74483563804542
juć	13	652.4626570733827
večki	13	652.4626570733825
aski	13	205.37904564333107
ićen	13	204.71020164549947
ali	13	153.28163016026562
eman	13	152.73119064729264
očlan	13	152.73119064729264
jedni	13	151.77556645383993
ktni	13	151.77556645383993
ostan	13	151.77556645383993
ouman	13	151.77556645383993
plav	13	151.77556645383993
turan	13	151.77556645383993
učki	13	151.77556645383993
ruski	13	116.05124111272431
kaški	13	114.84091030783777
piv	13	113.64044644753297
redni	13	113.64044644753297
ročan	13	113.64044644753297
rušen	13	113.64044644753297
rvan	13	113.64044644753297
viran	13	87.2898060758708
ižan	13	86.341703570385
dar	13	84.93013580703047
iljen	13	84.93013580703047
mast	13	84.93013580703047
unast	13	84.93013580703047
lozan	13	84.93013580703045
soban	13	84.93013580703045
tavan	13	84.93013580703045
torni	13	84.93013580703045
eljan	13	65.30864208195536
ešiv	13	65.30864208195536
išan	13	65.30864208195536
lačan	13	65.30864208195536
lovit	13	65.30864208195536
itak	13	64.21373747748498
reo	13	49.30162193376378
novit	13	49.061632783631154
dak	13	48.59300632315418
vetan	13	35.94945747035184
tar	13	35.53926143729138
jev	12	652.1472164533736
dbeni	12	395.5076688945703
tetni	12	395.5076688945703
očki	12	266.8484429406442
bojan	12	266.453945814726
katni	12	266.453945814726
kutan	12	266.453945814726
valni	12	266.453945814726
eljni	12	189.6319992417363
uo	12	189.6319992417363
astan	12	188.86176456235893
jetan	12	188.86176456235893
even	12	138.8478504632736
osiv	12	138.23031812333662
stni	12	138.23031812333662
zični	12	138.23031812333662
rajan	12	137.14135502334946
ručan	12	137.14135502334946
dičan	12	101.63918422981827
ujan	12	101.63918422981827
zički	12	101.63918422981827
bičan	12	100.28119040051747
islen	12	100.28119040051747
krvan	12	100.28119040051747
loživ	12	100.28119040051747
oćan	12	100.28119040051747
mben	12	75.40251573559328
veran	12	75.40251573559328
dački	12	74.36020949363595
meni	12	74.36020949363595
orast	12	74.36020949363595
votan	12	74.36020949363595
can	12	72.77243528774821
daran	12	72.77243528774821
načan	12	72.77243528774821
oljiv	12	72.77243528774821
snat	12	72.77243528774821
voriv	12	72.77243528774821
el	12	55.81815098884479
tajni	12	55.6993725191833
uzan	12	55.21003065700965
ečiv	12	54.54487629233708
estiv	12	39.53631526401149
ag	12	39.465909027164415
pak	12	27.017049601461412
ružan	12	26.74575199778832
ičen	11	379.132123619256
rani	11	379.1321236192559
retni	11	379.1321236192559
ipski	11	248.96654560324842
leski	11	248.96654560324842
tarni	11	248.50060184377423
tveni	11	248.50060184377423
izni	11	171.94343652256376
abran	11	171.94343652256373
iski	11	122.9840689743428
pun	11	122.9840689743428
đ	11	122.9840689743428
bitan	11	121.73440526613571
emni	11	121.73440526613571
ikav	11	121.73440526613571
vojni	11	121.73440526613571
čajan	11	121.73440526613571
čani	11	121.73440526613571
sen	11	87.91602425538238
uh	11	87.91602425538238
dav	11	86.36980411544691
moćan	11	86.36980411544691
tavni	11	86.36980411544691
upski	11	86.36980411544691
valan	11	86.36980411544691
šast	11	86.36980411544691
rešiv	11	63.17710889807721
rstan	11	44.67706039170123
jak	11	44.51813797592119
davan	11	44.40749405979873
sav	11	44.02399174622502
ejan	11	30.137622275011
geni	10	360.612726483984
rusni	10	360.612726483984
dnji	10	228.90096060765657
sičan	10	228.90096060765657
crven	10	228.90096060765651
jedan	10	153.86849851961927
kni	10	153.86849851961927
naški	10	153.86849851961927
vodan	10	153.86849851961927
vučan	10	153.86849851961927
žut	10	153.86849851961927
vetni	10	107.42916524661509
lični	10	106.96924608023852
aživ	10	105.52384737348729
eziv	10	105.52384737348729
išten	10	105.52384737348729
išćen	10	105.52384737348729
nolik	10	105.52384737348729
opiv	10	105.52384737348729
oslen	10	105.52384737348729
ožni	10	105.52384737348729
rediv	10	105.52384737348729
tažni	10	105.52384737348729
latni	10	105.52384737348727
oidan	10	105.52384737348727
padan	10	105.52384737348727
pešan	10	105.52384737348727
reni	10	105.52384737348727
silan	10	105.52384737348727
isok	10	74.73944595363591
sok	10	74.73944595363591
visok	10	74.73944595363591
škast	10	74.73944595363591
očen	10	73.68600594771523
civ	10	71.91306535278707
eciv	10	71.91306535278707
imen	10	71.91306535278707
konit	10	71.91306535278707
lat	10	71.91306535278707
onit	10	71.91306535278707
onjiv	10	71.91306535278707
opni	10	71.91306535278707
oćni	10	71.91306535278707
reciv	10	71.91306535278707
ruživ	10	71.91306535278707
tren	10	71.91306535278707
zački	10	71.91306535278707
zvan	10	71.91306535278707
jatan	10	71.91306535278706
kusan	10	71.91306535278706
važan	10	71.91306535278706
eživ	10	51.470011289594
ad	10	51.39931660998092
b	10	51.39931660998092
žuran	10	51.234881344017566
epan	10	50.65653944257608
fan	10	50.65653944257608
rog	10	50.656539442576076
unjav	10	50.656539442576076
šav	10	50.656539442576076
star	10	33.89179379408145
nevan	10	33.84455027561941
nak	10	33.73466970541354
visan	10	33.625500308354034
