o	14679	125.29476758421133
no	9249	114.50816190813906
i	6020	323.1390725766397
ki	5989	322.68419369801273
ski	4516	295.3763021560184
ko	2108	394.70533618542487
vo	1749	73.02638419737188
eno	1664	114.2620166081808
ivo	1286	72.11664888334525
nski	1227	300.6465044074225
čki	1152	413.5032904594475
jski	1112	332.39267159319144
to	1070	84.89814883342261
sko	1055	538.5303718493179
ano	971	117.54567304298536
tno	955	123.5689852245558
lno	891	120.18494149719096
čno	844	83.39675895750709
ijski	825	331.7154709860875
rski	802	294.7887721834238
vno	801	110.64709326489536
jivo	749	68.21508552890486
ički	726	436.58099634183435
e	677	391.4623185346179
alno	667	123.8830616706044
rno	667	112.6143759276166
ljivo	620	70.34363981089959
čko	608	490.92314092569046
ično	598	86.55619322693337
dno	563	109.88418118395776
sto	531	87.92338251079713
anski	501	296.4969998602425
asto	499	87.11215078287555
ičko	450	526.63444564957
avo	432	73.40590701674967
jeno	431	106.95831160907218
rano	419	137.801434058209
tski	417	238.0199570705887
ivno	404	81.59815458076397
sno	388	115.56773646308012
ački	365	379.797788601859
arski	346	325.2197696891608
irano	332	162.65202165473053
tički	321	522.5077703129422
će	302	490.0265297316793
inski	300	346.6590745718346
tivno	300	78.08259299185175
ški	296	506.1138871578098
jno	285	114.09340786565456
ljeno	282	109.71868665176179
nsko	276	530.3655418132317
zno	274	123.94667661840403
arno	266	144.06646712811315
ito	261	68.37191515189714
nički	244	365.7706537733317
ntno	241	87.63840706337989
je	239	443.8191422237334
rsko	237	543.3094472474965
tičko	231	615.8353413008572
etno	220	119.5968271507765
onski	214	303.2064932721844
tično	213	87.1610492990735
uće	209	534.5807439147409
vski	205	366.8539338798221
lo	205	131.05831289990763
žno	201	123.76911330799568
orno	193	95.03836152254958
orski	192	265.09348474697396
erski	188	292.0174610547204
juće	185	541.5711135695882
atno	179	133.47814667433326
šno	178	109.36249250645155
jsko	177	575.0804490662103
lski	175	285.2528051776966
mski	172	244.59555835154424
nje	166	453.61625389361154
dski	159	297.04115482295316
ničko	158	419.496481671641
enski	157	251.81571525916596
ovno	155	194.1028040757355
reno	155	112.96235626637379
avno	154	143.82755204991037
ško	150	568.1363164312145
ačko	150	398.6242715068863
ilno	148	98.43437931792867
odno	147	126.14652994220324
entno	146	104.4658469633939
nalno	141	128.07853856634875
vito	141	62.46881052289736
atski	139	234.98072270328043
mno	136	83.23652989907775
edno	135	84.55048802863547
arsko	134	562.7863249056863
vački	134	458.0679568181484
veno	131	123.78178493155059
đeno	131	110.56181014441323
ato	128	79.14635325638
ajuće	124	558.7892235042125
ovito	120	59.20782803463627
ono	118	359.2547692791207
ovski	117	387.8126705935947
tsko	114	554.1430856664841
ozno	114	90.26068626334859
ijsko	112	583.0402727634777
a	112	553.1218378785328
šnje	111	524.8617307983578
beno	107	161.77546777595907
idno	107	131.0097686790568
ajno	105	129.58053133638776
ženo	105	97.58305891308804
ljski	104	323.33222756282703
bno	102	118.8364702138189
čeno	102	104.47257155455391
vano	101	131.56450179493908
erno	101	55.94823887952734
pski	100	266.5233310701496
njivo	100	52.092305019892315
jalno	99	97.48346586228735
ralno	97	123.39524317972099
talno	96	131.38023736922483
oški	94	576.9935361210164
uto	94	110.34430051620713
larno	93	222.0708479070915
njeno	93	101.46197257768823
aški	92	479.303196698181
šeno	92	98.6524694539818
ansko	90	506.4893266718163
etski	90	246.88604087721174
antno	90	94.02814822597634
asno	90	78.99618768772815
njski	89	359.8743054470122
adno	88	121.79200257888795
kasto	88	92.60388010550275
rivo	88	77.98749681838558
ćeno	87	111.54078780780185
oško	86	615.5547411453173
esno	86	83.35265261200774
azno	84	141.98914707755193
itno	83	200.7721398208096
loško	82	615.5327787774064
ojno	82	110.23900155054201
iono	81	531.4973529440254
nično	81	136.07428668115244
insko	80	570.5019907449588
živo	80	89.04532857425072
utno	79	125.30904318167109
pno	78	163.87912334101324
ljno	78	97.5759917020551
loški	77	568.8195565960817
divo	76	77.95319952463116
nasto	75	83.17281735989265
ovano	73	160.45090114115385
ačno	73	95.75907547853198
nuto	73	91.84858301321681
fski	70	160.18295405081437
tveno	70	144.03586621733749
meno	70	105.9783782748108
tivo	70	73.7012037717513
išnje	69	563.6585424718111
osno	69	98.75699158516886
ciono	67	615.4267495878819
evno	67	90.89854777134
leno	66	108.0124402600448
eće	65	348.6222719390188
obno	65	124.12993599332103
ravno	63	111.71631993145435
lavo	63	75.12259206365069
ntski	62	226.27356092454892
ako	62	156.95814213496283
urno	62	156.17291881201365
často	62	131.4028525060871
ro	62	131.13678210116598
jasto	62	64.43669882081345
ečno	62	42.68962547193881
rično	61	88.33846561511758
go	61	85.69308430003491
ujuće	60	505.85401989717616
afski	60	150.28996977344644
učno	60	77.17738261216901
ažno	59	307.2103694558653
sano	59	178.16774714824683
teno	59	138.32174062355867
zivno	59	94.69186204965722
čano	59	91.28592828691599
onsko	58	615.3363992675773
lično	58	80.54362379002724
redno	58	73.47531948387692
išno	57	301.05804960187226
rički	57	279.34929136058736
čavo	57	79.49076450861544
tavo	57	73.56195773885966
jački	56	348.9442951931107
iko	56	101.54209394110654
liko	56	101.54209394110654
vsko	55	551.2691650674768
isno	55	176.98502202379748
bilno	55	102.97555778112576
tarno	55	83.68514983573222
ičavo	55	74.22627742711516
javo	55	73.464104506792
usno	54	249.08550748629926
elo	54	44.609143413920776
ejski	53	287.3710168194395
otno	53	120.22549544518596
d	51	363.80729846567004
uko	50	119.3614707027089
avski	49	393.23193221570284
udno	49	72.63788748659822
amski	48	246.41349525638032
opski	48	226.87053822899225
alo	48	209.29746098512032
isano	48	192.63863364294187
očno	48	96.04808043450156
kavo	48	88.27842265814209
dano	48	72.48841467843758
jano	47	74.54299087385073
itski	46	200.75459739426202
ađeno	46	133.82541202036367
oliko	46	106.94251501392526
ualno	46	96.4850441916632
čivo	46	56.593232341133564
orsko	45	615.140822476275
adski	45	256.2014856146574
unski	45	256.2014856146574
nosno	45	111.8284930490905
ušno	45	109.88976149363477
vorno	45	73.73479715301593
omski	44	162.66459779992567
ratno	44	116.04244405457843
oko	44	92.21998038679767
olski	43	300.9954888438094
alski	43	188.430401225208
do	43	97.31437176855985
užno	42	107.8296775221852
mično	42	69.2734084446334
dbeno	41	163.482552927934
ktno	41	103.87774789621577
ogo	41	80.61205843234889
ožno	41	79.16022270539902
bivo	41	72.5114472431698
ćno	40	174.664273332581
kalno	40	132.02798901821873
ruko	40	121.29646654438316
nato	40	82.53378056999506
šteno	39	154.42438304142524
rodno	39	127.65204266311977
merno	39	82.16229416089328
iozno	39	71.7361145414517
lački	38	454.5408879579198
urski	38	277.73020999110696
olno	38	150.21805671378814
lovno	38	149.7632914177065
rasto	38	76.96694689217635
aško	37	614.9505208486843
psko	37	614.9505208486843
geno	37	160.38867297223308
torno	37	160.38867297223308
lasno	37	107.31786420868755
stivo	37	67.16434778334214
glavo	37	59.920658298151466
lsko	36	614.9206412327927
da	36	520.6576228482797
dsko	36	447.40979325797304
nački	36	388.86082838715987
ečki	36	341.20912036282033
otski	36	267.4443151782961
irski	36	213.93574654851506
irno	36	156.2858731804593
retno	36	114.06677962360804
sivo	36	103.43781924350935
lasto	36	83.2551978326508
trano	36	74.68451931718477
atsko	35	614.8890116440784
ersko	35	518.2255595701192
ovsko	35	518.2255595701192
elski	35	335.95142996043154
vodno	35	168.46625857532467
ogeno	35	150.36730623749997
deno	35	123.1023343650097
nito	35	80.25901884291065
oljno	35	78.95457513413281
ežno	35	59.00094387703296
ašnje	34	614.8554738246206
ensko	34	379.5655547936076
turno	34	330.7201770091265
ilski	34	290.4062798921612
malno	34	104.61409051001564
aženo	34	84.37934311228291
msko	33	614.8198498554003
mo	33	158.0837259931636
elno	33	127.19874845777589
zano	33	111.73799070319087
tko	33	82.98998566745941
ubivo	33	71.60405020266488
šivo	33	40.569343461628286
evski	32	319.82375201100825
oidno	32	244.9049899509477
tano	32	94.83219120363813
orivo	32	84.16374751199771
etsko	31	507.11891392542736
kovno	31	239.13423778997512
ezno	31	186.1802270567152
lano	31	145.9710479701024
tetno	31	145.41961391672334
metno	31	116.71691082861152
ojeno	31	102.15979968771506
rdno	31	89.81500090736832
umno	31	89.81500090736832
sivno	31	79.30955084255726
letno	31	73.69497559012896
jačko	30	503.93752709104933
idski	30	358.1864797576588
eški	30	307.70430109256
rtno	30	179.2690351019456
upno	30	159.04863549957065
ođeno	30	109.68646198407318
ašno	30	96.19089014071034
eđeno	30	68.66658233075978
oreno	29	118.30077052286525
učeno	29	103.43892758986537
nogo	29	92.23956431543512
uno	29	80.34009114297051
edivo	29	55.97843281089665
k	28	346.04959400224357
ce	28	295.1983881611216
zično	28	146.28983862473305
narno	28	112.46380326005598
ašeno	28	97.76428335629137
omno	28	86.84668382555581
kano	28	85.34318731794696
ereno	28	38.975037343797986
aće	27	614.5489114939904
iški	27	614.5489114939904
lje	27	614.5489114939904
imski	27	339.69962483614097
vačko	27	288.20677226296607
lazno	27	139.89056165733172
emeno	27	122.64893649610973
zivo	27	91.97687991260962
oso	27	81.36154016743136
so	27	81.36154016743136
ljavo	27	79.7716411358091
ojivo	27	79.7716411358091
ravo	27	70.5713837101267
fsko	26	614.491195431299
m	26	614.491195431299
lički	26	489.11408278082627
jedno	26	332.7254362376682
jetno	26	280.96754544705584
truko	26	176.92459027626214
nevno	26	155.0028219571453
onogo	26	99.60773442829911
ešno	26	42.86533735147473
ad	25	484.7769025047971
eski	25	273.20848116294087
aćeno	25	128.00105988022753
sleno	25	108.47691639971012
edeno	25	95.48211148071701
adivo	25	93.33902916821667
pavo	25	80.0592550378517
sečno	25	71.92646235086573
afsko	24	614.3608217185113
tilno	24	162.18332704768466
uženo	24	119.68902246170745
areno	24	118.91043394939356
vidno	24	118.91043394939356
porno	24	103.33877884208677
ladno	24	101.79747858868943
ečeno	24	90.46211438013205
šćeno	24	87.85491250264513
eto	24	75.71461912266903
njavo	24	64.3623029361276
po	24	40.896048671131076
valno	23	215.59222473829158
ovo	23	132.11294122751653
eljno	23	113.61131791836254
amno	23	94.96000849695632
vetno	23	51.831349635558475
nutno	22	469.79266294522904
s	22	372.15596963531397
čje	22	372.15596963531397
lišno	22	248.98848080093677
uski	22	174.83945570194905
izno	22	147.18720246989815
tavno	22	146.47115452871105
ižno	22	124.51161523612444
ušeno	22	105.34059190101809
račno	22	87.962243579565
hodno	22	75.62651467769784
sito	22	74.77835882394086
lačko	21	614.1168193702791
ćki	21	614.1168193702791
satno	21	464.0116080191108
u	21	364.26950535804275
umski	21	364.1498630751316
člano	21	239.63367447464964
emski	21	199.05319295507636
oćno	21	198.24301025924623
pisno	21	198.24301025924623
neno	21	96.92154404781053
ložno	21	96.92154404781051
koso	21	82.69392459097254
oženo	21	81.85702895865174
gično	21	80.80285768683439
morno	21	80.80285768683439
nčano	21	58.72160247113177
mički	20	614.0185354722661
opsko	20	614.0185354722661
ice	20	284.06343676338327
rački	20	283.92826413481055
rtski	20	230.21379992487388
katno	20	129.7067117823663
razno	20	107.69808193726243
imno	20	89.2067559164839
oživo	20	89.2067559164839
vično	20	89.2067559164839
okoso	20	75.51354985640384
emno	20	74.61899186503813
vatno	20	74.61899186503813
ledno	20	63.870435017841096
ačeno	20	51.9756328993574
odski	19	450.9699688946035
rški	19	450.9699688946035
ulski	19	450.9699688946035
utski	19	273.7817897049544
klo	19	180.03833163610045
latno	19	148.7005875572027
ektno	19	120.90434995195054
ijeno	19	99.34392773616902
iveno	19	99.34392773616902
evito	19	81.29530658675901
godno	19	81.29530658675901
knuto	19	67.23095212042739
zdano	19	45.969258994058194
eko	19	37.71659665645794
itsko	18	613.7876920950597
ićki	18	613.7876920950597
ljsko	18	613.7876920950597
nški	18	613.7876920950597
om	18	613.7876920950597
ndski	18	209.9346558337843
radno	18	209.9346558337843
robno	18	209.9346558337843
mbeno	18	138.95514491678716
brano	18	137.4644262502644
lačno	18	137.4644262502644
ršeno	18	137.4644262502644
tajno	18	114.13351215351837
mački	18	113.55581707823553
odivo	18	91.87263161257823
dušno	18	90.74787005302541
rvno	18	90.74787005302541
uživo	18	90.74787005302541
zorno	18	90.74787005302541
enito	18	75.36529316669579
cato	18	61.986190428349104
erivo	18	31.03301608457058
ada	17	613.6509133693698
t	17	613.6509133693698
ojski	17	435.4999741699416
ajski	17	326.16234226569156
jerno	17	199.61804720037543
ino	17	199.0061246090636
rsno	17	158.84172251768047
davno	17	104.89295203117527
bano	17	104.56154038101342
ebno	17	103.5121481914716
padno	17	103.51214819147158
dobno	17	102.4118933432732
lozno	17	102.4118933432732
tasto	17	83.13671904055515
arivo	17	81.90727469437795
rozno	17	81.90727469437795
vojno	16	314.83718828451197
rdski	16	314.8371882845119
udski	16	240.48304775474477
r	16	188.59168968121324
ealno	16	187.50107173142965
rveno	16	187.50107173142965
lako	16	118.83111564671182
talo	16	118.21901983180574
točno	16	118.21901983180574
kutno	16	117.1629707736534
rživo	16	117.1629707736534
ho	16	94.79521622367342
ezano	16	92.70635886198954
ooko	16	92.70635886198954
uđeno	16	92.70635886198954
čajno	16	92.70635886198954
itko	16	75.88665660324247
gavo	16	75.16517313698674
ručno	16	72.82252583680845
čito	16	60.28042367712553
dično	16	58.96146135877253
štavo	16	58.96146135877253
vesno	16	36.64118502668302
epo	16	36.54196666510951
amo	15	613.3196651094296
inški	15	613.3196651094296
ražno	15	613.3196651094296
ud	15	613.3196651094296
kad	15	416.8628031987379
ntsko	15	416.8628031987379
eleno	15	228.46702984242066
resno	15	228.46702984242066
ulo	15	228.46702984242066
đe	15	176.14573353564646
fno	15	175.37838094645062
žbeno	15	175.37838094645062
bojno	15	136.41265094802063
treno	15	136.41265094802063
darno	15	106.42464633753808
silno	15	106.42464633753808
varno	15	106.42464633753808
eženo	15	86.08524562136844
gnuto	15	84.98253100001726
večno	15	84.02599974789437
gano	15	84.02599974789436
rajno	15	82.68839079630095
ročno	15	82.68839079630095
ureno	15	82.68839079630095
žano	15	82.68839079630095
ijano	15	64.98263190660906
ejsko	14	613.1165033986832
gaški	14	613.1165033986832
mičko	14	613.1165033986832
uški	14	613.1165033986832
njsko	14	406.0407917875068
urški	14	406.0407917875068
še	14	406.0407917875068
pusno	14	289.37374615601647
ije	14	215.43376066888132
balno	14	214.57612182279158
kno	14	214.57612182279158
er	14	163.96583934272667
de	14	163.4605047302191
tro	14	162.59470399192708
ećeno	14	126.47916854519549
bično	14	124.42895119065395
iljno	14	124.42895119065395
polno	14	124.42895119065395
rilno	14	124.42895119065395
risno	14	124.42895119065395
rmno	14	124.42895119065395
uzno	14	124.42895119065395
učivo	14	95.2791624414775
ativo	14	72.35883966342801
krvno	14	72.35883966342801
pano	14	72.35883966342801
pasto	14	72.35883966342801
skavo	14	72.35883966342801
sobno	14	72.35883966342801
zavo	14	72.35883966342801
verno	14	57.56983729419015
dasto	14	56.751258531974166
oruko	14	56.751258531974166
vasto	14	56.751258531974166
relo	14	43.68723312509997
cavo	14	43.48774262418955
unsko	13	612.8801702880695
večki	13	612.8801702880695
ičeno	13	393.99255833608976
rovno	13	275.0029719069818
rpski	13	275.0029719069818
sično	13	275.0029719069818
ićeno	13	200.2995711858653
jesno	13	200.2995711858653
ružno	13	200.2995711858653
tupno	13	150.08761831787717
lavno	13	149.105150855772
oumno	13	149.105150855772
eveno	13	114.1937415371847
pivo	13	111.90133155746543
što	13	86.84253344665633
ado	13	86.795346957482
tojno	13	85.18217424697633
aktno	13	83.72026060211755
bitno	13	83.72026060211755
dro	13	83.72026060211755
masto	13	83.72026060211755
ujno	13	83.72026060211755
ešivo	13	64.51621027121708
as	12	612.6018613607581
avsko	12	612.6018613607581
irsko	12	612.6018613607581
račko	12	612.6018613607581
ričko	12	612.6018613607581
uda	12	612.6018613607581
ći	12	612.6018613607581
stno	12	380.5017561882648
edski	12	259.3541306227757
malo	12	259.3541306227757
opno	12	259.3541306227757
apski	12	185.03131856196808
natno	12	185.03131856196808
plavo	12	185.03131856196808
ruski	12	136.62313256189012
osivo	12	135.98654150546975
borno	12	134.8646301554552
epno	12	134.8646301554552
lužno	12	134.8646301554552
vezno	12	134.8646301554552
žajno	12	134.8646301554552
rado	12	101.09898143856938
ksno	12	98.81101790312326
kusno	12	98.81101790312326
rasno	12	98.81101790312326
vučno	12	98.81101790312326
šasto	12	98.81101790312326
votno	12	73.39530863655735
cano	12	71.74982523794526
načno	12	71.74982523794526
snato	12	71.74982523794526
šano	12	71.74982523794526
ečivo	12	53.89855249065896
ago	12	39.053187030419565
ajsko	11	612.269370888523
alsko	11	612.269370888523
olsko	11	612.269370888523
ra	11	612.269370888523
vički	11	612.269370888523
aski	11	365.29972115332396
eško	11	365.29972115332396
jarno	11	365.29972115332396
očki	11	365.29972115332396
ke	11	242.73281069457965
nulo	11	242.73281069457965
rnje	11	242.73281069457965
jelno	11	242.26118169161535
zovno	11	242.26118169161535
rezno	11	169.59761348436777
vozno	11	169.59761348436777
ardno	11	168.68127832067813
desno	11	168.68127832067813
isko	11	168.68127832067813
ubno	11	168.68127832067813
ikavo	11	119.8303295787071
krako	11	119.8303295787071
ljano	11	119.8303295787071
lodno	11	119.8303295787071
rako	11	119.8303295787071
rbeno	11	119.8303295787071
rpno	11	119.8303295787071
ršno	11	119.8303295787071
seno	11	86.74904067316184
uho	11	86.74904067316184
davo	11	85.14727163192407
ilo	11	85.14727163192407
imeno	11	85.14727163192407
moćno	11	85.14727163192407
rojno	11	61.24585528256067
adsko	10	611.8652833432346
jaški	10	611.8652833432346
kud	10	611.8652833432346
rusno	10	611.8652833432346
ta	10	611.8652833432346
tažno	10	611.8652833432346
totno	10	611.8652833432346
gde	10	611.8652833432345
ipski	10	348.0495845352834
javno	10	348.0495845352834
leski	10	348.0495845352834
ličko	10	348.0495845352834
sovno	10	348.0495845352834
taški	10	348.0495845352834
breno	10	223.53320920037874
dnje	10	223.53320920037874
ketno	10	223.53320920037874
litno	10	223.53320920037874
peno	10	223.53320920037874
lesno	10	152.6786024163815
atko	10	152.23110054994837
tovno	10	152.23110054994837
azano	10	151.1554233906428
zemno	10	151.1554233906428
rko	10	106.61179912505166
usto	10	105.46141715023741
puno	10	105.4614171502374
aživo	10	103.96625857750738
dalno	10	103.96625857750738
eteno	10	103.96625857750738
ezivo	10	103.96625857750738
motno	10	103.96625857750738
opivo	10	103.96625857750738
ošno	10	103.96625857750738
parno	10	103.96625857750738
smeno	10	103.96625857750738
zvano	10	103.96625857750738
pešno	10	103.96625857750736
bo	10	73.84714249268954
eliko	10	73.84714249268954
gasto	10	73.84714249268954
isoko	10	73.84714249268954
soko	10	73.84714249268954
novno	10	72.7527300214928
očeno	10	72.7527300214928
civo	10	70.91446295672135
ecivo	10	70.91446295672135
hano	10	70.91446295672135
jatno	10	70.91446295672135
lato	10	70.91446295672135
marno	10	70.91446295672135
onito	10	70.91446295672135
važno	10	70.91446295672135
zalno	10	70.91446295672135
eživo	10	50.92747967875735
edo	10	50.68239262820502
jako	10	50.68239262820502
setno	10	50.27104258071837
rogo	10	50.080070835926186
zirno	10	50.080070835926186
šavo	10	50.08007083592618
ejano	10	33.56141146931813
