v	13275	325.9610300942921
in	9761	333.53305690140706
n	9761	333.53305690140706
ov	9463	324.43445567322425
ev	3812	329.7792627223013
jin	2934	352.2727493370797
ijin	2408	355.64735915745786
rov	1765	339.7369156902118
ćev	1684	351.87811718439855
ićev	1679	351.85138422075096
tov	1611	346.8327339095496
ćin	1486	355.78964905114594
kov	1422	272.6858466549817
ićin	1403	360.99073069466226
nov	1212	351.4961373675829
cijin	1197	356.676568814814
čev	1105	304.92551332187156
nin	1056	305.5677497106248
ikov	886	260.2479761215292
arov	753	337.80031989077514
inin	749	314.8039477808054
nikov	723	242.48613401646054
jev	722	310.23330168557845
lov	686	307.82313508419475
vićev	654	360.98009946063377
vićin	641	360.9796952619876
kin	612	302.0761800840012
sov	575	341.32384677067125
čin	522	280.1132347905665
dov	494	310.6493758384778
orov	487	345.38136311756284
rin	469	310.50283237039656
stov	436	349.2731315517864
ačev	431	296.86660300399205
mov	381	350.8936606641176
erov	374	340.8222823215355
istov	366	360.9643992826998
inov	366	357.4271965603
ičin	362	273.2332126894706
tin	359	340.00906622064645
cin	344	325.5055192670249
din	337	311.6471825383111
njin	332	338.3673544892076
akov	327	307.01317569449196
onov	315	356.851290794154
etov	312	318.5226291714917
ljev	309	297.4913219393778
zin	305	360.95725694118306
atov	301	352.4277467665747
torov	299	356.63031749128993
anov	292	352.16687819096603
lin	292	335.3993004869021
čarov	276	329.7438666960808
eljev	260	287.10412721941526
jakov	250	308.95504653318267
včev	242	325.6182103770967
alov	238	350.19379800042816
injin	235	334.5083396843965
vov	232	219.26181250573845
rijin	225	349.5796837287298
šev	217	360.9398474487107
vin	214	343.2255510323462
icin	209	309.9178467483126
gov	207	354.7012795092505
pov	205	336.582826522821
rkin	192	322.92408957021667
gijin	187	360.9301483422362
čićev	186	334.1971516621082
ašev	176	360.9257590964577
tinin	165	310.53564716544
ijev	163	360.919803617141
idov	160	360.9182910327688
ilov	158	295.32167888583643
itov	156	360.916183211171
ničin	150	244.31703997315833
vačev	149	254.7763508737453
min	148	360.9116235862849
isov	148	343.7854648754165
usov	144	360.90915254892167
ntov	142	360.90786447973295
enov	139	317.5349866801341
urin	138	351.58376591397746
ajev	137	266.06222338429905
-ov	136	360.9037713956719
zov	133	315.72905739714713
vinin	131	323.6324541962374
adin	129	360.89851139974945
nčev	129	332.04600075940937
ogov	126	360.8960768720185
arin	122	321.0566194864105
ozin	120	360.8908397837963
logov	117	360.8880181998618
umov	116	360.8870449780438
ačin	113	318.0997323729605
fov	112	360.88297684842547
ljin	112	317.73882132818846
žin	111	349.3222717932183
tetov	110	349.2174685528752
etin	110	327.3065041474979
zijin	109	360.87972812690117
anin	107	348.89146230180324
nijin	105	348.66391645741055
bin	105	315.0784094752381
olov	103	348.42765676380657
ivov	102	274.23413847170434
gin	98	347.7954353968335
odov	98	323.4309581630096
lićev	98	323.42898730985087
mijin	97	360.86470434810957
avčev	97	323.0669440177399
omov	95	347.3846413736783
nkin	95	299.5022643252361
turin	94	360.8603430962818
arkin	94	347.24197226654485
tićev	93	334.0041652466833
elov	92	207.24458803209654
sin	91	320.7183554800683
rićev	89	346.4813134168131
šin	89	332.8407912182973
nicin	88	295.15702823911073
bov	86	293.79241079480664
erin	85	205.866375078891
čićin	84	360.8435307668142
rinin	83	330.8926087118349
nićev	82	360.83967064736106
otov	82	360.83967064736106
šićev	80	360.83561528003963
acin	79	360.8335096905632
terov	79	360.8335096905632
avin	79	344.6764069904911
lčev	79	329.4384790993753
amov	78	360.8313494691257
fijin	77	360.8291324618831
rijev	77	360.8291324618831
šićin	77	360.8291324618831
sijin	77	344.2602254631031
pin	76	360.8268564002841
lićin	75	360.82451889332856
nićin	75	360.82451889332856
irov	74	327.41391965107255
edov	74	173.88633849926694
unov	73	360.81964931617983
utov	73	343.3608086084916
ratov	72	360.8171117728421
rčev	72	213.90976712689763
lijin	71	342.87387462630215
kićev	70	360.8118163058637
opov	70	360.8118163058637
ažin	69	360.80905190991837
pijin	69	360.80905190991837
rićin	68	360.80620510266635
antov	67	360.8032721438823
ančev	67	341.8146903932653
ninov	67	341.8146903932653
afov	66	360.80024906357596
činin	66	323.5673815752366
tarov	65	341.23731057211955
ivčev	65	323.0237873900259
ezin	64	360.79391540043895
rafov	64	360.79391540043895
narov	64	340.93539762597004
ojev	64	322.46419176322576
jačev	64	305.2416780760491
enin	64	133.77361262736196
ulin	63	360.7905955588843
ovčev	63	340.62412296054106
onin	62	360.78716703322806
tikov	62	360.78716703322806
kićin	61	360.7836243988753
alin	60	360.77996186421547
osov	60	320.0508015074036
oćin	60	284.9930546675658
entov	59	360.77617323905315
tićin	58	360.77225189973024
ovov	58	318.72725506338924
linin	57	265.1993758046679
jićev	55	360.7596180175783
tijin	55	360.7596180175783
okov	55	316.5736131739712
jačin	54	277.7311755595838
olin	53	360.7503870826713
elin	53	243.24812916031007
ksov	52	360.7455006452733
manov	52	360.7455006452733
erkin	52	257.5660205290294
azin	51	360.74041914316297
alčev	50	360.7351306623571
ramov	50	360.7351306623571
tisov	50	360.7351306623571
dićev	50	335.4777530978911
ninin	50	291.39211257526625
atin	49	360.7296222988353
odin	49	360.7296222988353
ričin	49	360.7296222988353
tivov	49	360.7296222988353
emov	49	311.53480962264223
ekov	49	169.1578131543362
adov	48	334.44619846730245
azov	48	310.5819848823725
asov	47	333.89854255198685
ukov	47	333.89854255198685
jićin	46	360.71163171898985
tonov	46	360.71163171898985
esov	46	265.57020837424506
jkin	46	229.68942715810928
ngov	45	360.7050910076192
upov	45	360.7050910076192
otin	45	332.73263210821364
urov	45	332.73263210821364
ionov	43	360.69107761875586
larov	43	360.69107761875586
oidov	43	360.69107761875586
sićev	43	360.69107761875586
račev	43	331.4620384791124
tkin	43	281.4685501276194
dićin	42	360.6835596227606
linov	42	360.6835596227606
tinov	42	360.6835596227606
stin	42	303.99584856101967
vkin	42	279.82360405955365
ingov	41	360.67566678426067
ipov	41	360.67566678426067
rdov	41	360.67566678426067
ronov	41	360.67566678426067
vodov	41	278.1763708395614
darov	40	360.6673703680646
eov	40	360.6673703680646
letov	40	301.40190436384677
pisov	40	301.40190436384677
ezov	40	301.38396148082006
derov	39	360.6586386265131
ivin	39	360.6586386265131
kopov	39	360.6586386265131
orin	39	360.6586386265131
ranov	39	328.5449462274238
ankin	39	300.0146373989429
jčev	39	299.9953925124029
jumov	38	360.6494363943171
avov	37	360.63972461622717
ralov	37	360.63972461622717
rtov	37	360.63972461622717
lonov	37	326.85952599564837
karov	37	270.5253298729239
izin	36	360.6294597941866
sićin	36	360.6294597941866
ulov	36	360.6294597941866
varov	36	325.9495510436069
tačev	36	325.94955104360685
ajin	35	360.6185933375102
ilin	35	360.6185933375102
ndov	35	360.6185933375102
nerov	35	360.6185933375102
vorov	35	360.6185933375102
binin	35	324.9898399926852
ušin	35	293.7562707063223
kerov	34	360.60707079563673
ntin	34	360.60707079563673
talov	34	360.60707079563673
žijin	34	360.60707079563673
đin	34	323.97620979291537
amin	33	360.594830947966
dijin	33	322.9039959128879
minov	32	360.58180471873743
ndin	32	360.58180471873743
ličin	32	321.76798119504366
ejin	31	360.56791387645114
emin	31	360.56791387645114
jarov	31	360.56791387645114
udin	31	360.56791387645114
žev	31	360.56791387645114
jalov	31	320.562311748364
ranin	31	320.562311748364
lovov	31	286.07374432021
mčev	31	286.07374432021
inkin	30	360.5530694662474
jadin	30	360.5530694662474
janov	30	360.5530694662474
natov	30	360.5530694662474
nsov	30	360.5530694662474
uljin	30	360.5530694662474
žićev	30	360.5530694662474
inčev	30	319.28039704556465
škin	30	253.17679757135465
ncin	29	360.53716990906423
trin	29	360.53716990906423
ščev	29	317.91479066411057
dnjin	28	360.5200986819799
hov	28	360.5200986819799
imov	28	360.5200986819799
jašev	28	360.5200986819799
kašev	28	360.5200986819799
orkin	28	360.5200986819799
radin	28	360.5200986819799
rinov	28	360.5200986819799
unin	28	360.5200986819799
obin	28	279.0596592290247
arčev	28	246.99775535384234
jičin	28	246.99775535384234
ejev	27	360.5017214680739
fonov	27	360.5017214680739
gićev	27	360.5017214680739
katov	27	360.5017214680739
menov	27	360.5017214680739
ovin	27	360.5017214680739
zorov	27	314.89754937716145
lkin	27	314.8975493771614
ljkin	27	215.36304827602822
edin	27	132.72635846314387
ridov	26	360.48188262880933
zacin	26	360.48188262880933
pićev	26	313.2252986994945
tanov	26	313.2252986994945
tilov	26	313.2252986994945
tičin	26	273.6110781468636
vičin	26	239.94612056936796
evov	26	145.4817035211185
gićin	25	360.4604008035191
litov	25	360.4604008035191
orčev	25	360.4604008035191
rozin	25	360.4604008035191
rev	25	311.4276589292378
tajev	25	121.3332420154531
bićev	24	360.43706337344844
idin	24	360.43706337344844
jerov	24	360.43706337344844
jov	24	360.43706337344844
kalov	24	360.43706337344844
lerov	24	360.43706337344844
rašev	24	360.43706337344844
retov	24	360.43706337344844
uov	24	360.43706337344844
vatov	24	309.490041154248
ikin	24	309.49004115424793
noćin	24	232.13548205327177
gašev	23	360.41161943362687
istin	23	360.41161943362687
išev	23	360.41161943362687
jinin	23	360.41161943362687
latov	23	360.41161943362687
ritov	23	360.41161943362687
tatov	23	360.41161943362687
vačin	23	360.41161943362687
oljin	23	307.39551338214596
alkin	22	360.38377078188955
arev	22	360.38377078188955
barov	22	360.38377078188955
ltov	22	360.38377078188955
netov	22	360.38377078188955
ogin	22	360.38377078188955
ošin	22	360.38377078188955
romov	22	360.38377078188955
s-ov	22	360.38377078188955
tašev	22	360.38377078188955
žićin	22	360.38377078188955
dinin	22	305.12431318678614
rnin	22	305.12431318678614
estov	22	191.84118270854916
ardov	21	360.35316024114366
bijin	21	360.35316024114366
itin	21	360.35316024114366
jatov	21	360.35316024114366
lizin	21	360.35316024114366
metov	21	360.35316024114366
nalov	21	360.35316024114366
nezin	21	360.35316024114366
perov	21	360.35316024114366
pinin	21	360.35316024114366
rikov	21	360.35316024114366
sarov	21	360.35316024114366
javin	21	302.65323424940436
esin	21	217.85606248040293
hijin	20	360.3193563478151
iljin	20	360.3193563478151
ketov	20	360.3193563478151
kusov	20	360.3193563478151
likov	20	360.3193563478151
marov	20	360.3193563478151
matov	20	360.3193563478151
redov	20	360.3193563478151
ubov	20	360.3193563478151
čicin	20	360.3193563478151
hin	20	299.95484731241044
cčin	20	251.89799972129262
icčin	20	251.89799972129262
licin	20	251.89799972129262
merov	20	180.35408385036752
bićin	19	360.28183301737715
borov	19	360.28183301737715
busov	19	360.28183301737715
cov	19	360.28183301737715
ganov	19	360.28183301737715
ičev	19	360.28183301737715
ktov	19	360.28183301737715
lukov	19	360.28183301737715
nošin	19	360.28183301737715
p-ov	19	360.28183301737715
rmin	19	360.28183301737715
rusov	19	360.28183301737715
tivin	19	360.28183301737715
udov	19	360.28183301737715
utin	19	360.28183301737715
uzin	19	360.28183301737715
skin	19	247.19940344858784
menin	19	71.08431087723527
ancin	18	360.2399421570334
ansov	18	360.2399421570334
astov	18	360.2399421570334
binov	18	360.2399421570334
cinov	18	360.2399421570334
gačev	18	360.2399421570334
gonov	18	360.2399421570334
kulin	18	360.2399421570334
obov	18	360.2399421570334
rdin	18	360.2399421570334
rezov	18	360.2399421570334
upin	18	360.2399421570334
vljev	18	360.2399421570334
čajev	18	360.2399421570334
bojev	18	293.739030254443
kačev	18	293.739030254443
tvin	18	293.739030254443
epov	18	167.77679966681882
ebov	18	140.13210867077504
apov	17	360.1928762024448
eksov	17	360.1928762024448
ferin	17	360.1928762024448
genov	17	360.1928762024448
kanov	17	360.1928762024448
kupov	17	360.1928762024448
ladin	17	360.1928762024448
lanov	17	360.1928762024448
mićev	17	360.1928762024448
nijev	17	360.1928762024448
ordov	17	360.1928762024448
tavin	17	360.1928762024448
tavov	17	360.1928762024448
tažin	17	360.1928762024448
tozin	17	360.1928762024448
zerov	17	360.1928762024448
čkin	17	360.1928762024448
evčev	17	290.1350581317498
ođin	17	290.1350581317498
resov	17	290.1350581317498
tokov	17	290.1350581317498
trov	17	290.1350581317498
cajev	17	236.49601963570458
nilov	17	236.49601963570458
etkin	17	193.76348851708164
asin	16	360.1396159810822
dijev	16	360.1396159810822
filov	16	360.1396159810822
fin	16	360.1396159810822
llov	16	360.1396159810822
minin	16	360.1396159810822
našev	16	360.1396159810822
ngin	16	360.1396159810822
nolov	16	360.1396159810822
umin	16	360.1396159810822
zivov	16	360.1396159810822
evin	16	286.1267547933392
padov	16	286.12675479333916
lenov	16	230.3671945939806
šinin	16	230.16694390369932
zdin	16	101.8196842926404
anjin	15	360.07885674601096
antin	15	360.07885674601096
ažev	15	360.07885674601096
cidov	15	360.07885674601096
dajin	15	360.07885674601096
danov	15	360.07885674601096
igin	15	360.07885674601096
jonov	15	360.07885674601096
kokov	15	360.07885674601096
latin	15	360.07885674601096
lotov	15	360.07885674601096
morov	15	360.07885674601096
nozin	15	360.07885674601096
nsin	15	360.07885674601096
parov	15	360.07885674601096
pićin	15	360.07885674601096
sačev	15	360.07885674601096
serov	15	360.07885674601096
sinov	15	360.07885674601096
tipov	15	360.07885674601096
tusov	15	360.07885674601096
valov	15	360.07885674601096
vanov	15	360.07885674601096
vilov	15	360.07885674601096
akin	15	281.64282153222865
kutov	15	281.64282153222865
nosov	15	281.64282153222865
rilov	15	281.64282153222865
vođin	15	281.64282153222865
žinin	15	281.64282153222865
enkin	15	223.6176514031703
telov	15	223.38328159771484
eljin	15	178.49716374892535
apin	14	360.0089009472378
avkin	14	360.0089009472378
ašin	14	360.0089009472378
drin	14	360.0089009472378
endov	14	360.0089009472378
forov	14	360.0089009472378
iksov	14	360.0089009472378
izov	14	360.0089009472378
jarin	14	360.0089009472378
junov	14	360.0089009472378
lozin	14	360.0089009472378
nadin	14	360.0089009472378
njev	14	360.0089009472378
panov	14	360.0089009472378
ralin	14	360.0089009472378
ravin	14	360.0089009472378
rgov	14	360.0089009472378
risov	14	360.0089009472378
rojev	14	360.0089009472378
rsov	14	360.0089009472378
sonov	14	360.0089009472378
tomov	14	360.0089009472378
zinin	14	360.0089009472378
zinov	14	360.0089009472378
žarov	14	360.0089009472378
iščev	14	276.5943885324425
kazov	14	276.5943885324425
klov	14	276.5943885324425
lasov	14	276.5943885324425
lomov	14	276.5943885324425
uškin	14	276.5943885324425
abov	13	359.9274989318958
ansin	13	359.9274989318958
bolov	13	359.9274989318958
cijev	13	359.9274989318958
grin	13	359.9274989318958
ilčev	13	359.9274989318958
imin	13	359.9274989318958
jerin	13	359.9274989318958
jicin	13	359.9274989318958
konov	13	359.9274989318958
lanin	13	359.9274989318958
lažin	13	359.9274989318958
letin	13	359.9274989318958
login	13	359.9274989318958
nomov	13	359.9274989318958
nusov	13	359.9274989318958
onjin	13	359.9274989318958
ortov	13	359.9274989318958
ovkin	13	359.9274989318958
ošev	13	359.9274989318958
pinov	13	359.9274989318958
rakov	13	359.9274989318958
remin	13	359.9274989318958
rodov	13	359.9274989318958
rumov	13	359.9274989318958
tenov	13	359.9274989318958
tezin	13	359.9274989318958
ustov	13	359.9274989318958
zićev	13	359.9274989318958
dačev	13	270.8693457207288
lazov	13	270.8693457207288
setov	13	207.5219024068856
delov	13	74.97757176576062
abin	12	359.8316055829889
andin	12	359.8316055829889
dinov	12	359.8316055829889
dorov	12	359.8316055829889
einov	12	359.8316055829889
enčev	12	359.8316055829889
fitov	12	359.8316055829889
garov	12	359.8316055829889
godin	12	359.8316055829889
isin	12	359.8316055829889
ketin	12	359.8316055829889
kotov	12	359.8316055829889
mkin	12	359.8316055829889
omčev	12	359.8316055829889
psov	12	359.8316055829889
rvin	12	359.8316055829889
sorov	12	359.8316055829889
tacin	12	359.8316055829889
tazin	12	359.8316055829889
titov	12	359.8316055829889
zonov	12	359.8316055829889
ozov	12	264.32438154603983
irin	12	264.3243815460398
karin	12	264.3243815460398
rkov	12	264.3243815460398
ćarov	12	264.3243815460398
dbin	12	198.5774500922509
ledov	12	198.18067455897085
renov	12	198.18067455897085
merin	12	61.705040857536204
ardin	11	359.71699637300395
bilov	11	359.71699637300395
cev	11	359.71699637300395
citov	11	359.71699637300395
džin	11	359.71699637300395
ejčev	11	359.71699637300395
ifov	11	359.71699637300395
irkin	11	359.71699637300395
jajev	11	359.71699637300395
jedov	11	359.71699637300395
kadin	11	359.71699637300395
koćin	11	359.71699637300395
kulov	11	359.71699637300395
lisov	11	359.71699637300395
lusov	11	359.71699637300395
makov	11	359.71699637300395
mitov	11	359.71699637300395
monov	11	359.71699637300395
musov	11	359.71699637300395
nažin	11	359.71699637300395
nitov	11	359.71699637300395
ončev	11	359.71699637300395
podov	11	359.71699637300395
rajev	11	359.71699637300395
razov	11	359.71699637300395
rokov	11	359.71699637300395
rolov	11	359.71699637300395
rtin	11	359.71699637300395
rupin	11	359.71699637300395
tanin	11	359.71699637300395
tirov	11	359.71699637300395
tumov	11	359.71699637300395
ubin	11	359.71699637300395
uin	11	359.71699637300395
valin	11	359.71699637300395
začev	11	359.71699637300395
zidov	11	359.71699637300395
zićin	11	359.71699637300395
zonin	11	359.71699637300395
čarev	11	359.71699637300395
đačev	11	359.71699637300395
žnjin	11	359.71699637300395
ežin	11	256.7736090239062
pirov	11	256.7736090239062
sedov	11	256.7736090239062
ugin	11	256.7736090239062
varin	11	256.7736090239062
verov	11	256.7736090239062
vojev	11	256.7736090239062
aljev	10	359.57763845550755
autov	10	359.57763845550755
dašev	10	359.57763845550755
efov	10	359.57763845550755
ein	10	359.57763845550755
eutov	10	359.57763845550755
hićev	10	359.57763845550755
hićin	10	359.57763845550755
ivkin	10	359.57763845550755
jtov	10	359.57763845550755
kvin	10	359.57763845550755
lavin	10	359.57763845550755
mićin	10	359.57763845550755
mpov	10	359.57763845550755
nimov	10	359.57763845550755
nkov	10	359.57763845550755
o-ov	10	359.57763845550755
okin	10	359.57763845550755
omin	10	359.57763845550755
oov	10	359.57763845550755
opin	10	359.57763845550755
patov	10	359.57763845550755
pkin	10	359.57763845550755
ponov	10	359.57763845550755
potov	10	359.57763845550755
racin	10	359.57763845550755
ramin	10	359.57763845550755
rbin	10	359.57763845550755
rmov	10	359.57763845550755
tarin	10	359.57763845550755
tonin	10	359.57763845550755
tupov	10	359.57763845550755
vicin	10	359.57763845550755
vidov	10	359.57763845550755
vijin	10	359.57763845550755
zarov	10	359.57763845550755
zmin	10	359.57763845550755
čunov	10	359.57763845550755
đajev	10	359.57763845550755
šačev	10	359.57763845550755
žbin	10	359.57763845550755
pevov	10	359.57763845550744
porov	10	247.97202068239923
tnjin	10	247.97202068239923
čarin	10	247.97202068239923
redin	10	247.97202068239918
estin	10	176.37732720187807
elčev	10	175.780994112948
gorov	10	175.78099411294798
vetin	10	175.78099411294798
delin	10	61.08760404444807
