a	10664	96.78570241375951
t	3077	296.34562839356266
st	3046	306.65073856354735
ost	2992	312.39808120349437
ja	2941	314.95321249464985
ca	2494	101.12216506147226
ija	2400	366.38288150234223
ica	2356	113.38883481994988
nost	2198	313.50940036827535
cija	1200	395.2181703822822
ka	1174	39.8185146772176
na	1033	237.0100748306682
nica	934	97.67902899607192
acija	868	396.6507269352719
ina	754	290.56146927299534
enost	547	292.24639834434424
vost	455	297.1522290395551
ra	436	190.96047253799563
nja	352	140.77854463236739
ivost	350	280.53974484467346
ta	340	144.80082044396045
da	321	171.39143560824522
ika	318	333.33561213297344
la	313	183.0571575476531
za	306	330.8466643354928
anost	274	332.32950658593694
rica	247	115.68948010760539
inja	236	322.1403145448557
rka	226	38.56704035556264
rija	224	371.2664198633225
lica	218	113.38305199136444
čnost	211	343.09261093736325
gija	206	285.1948802335758
ba	198	45.524280478137555
va	194	164.628136039647
lnost	178	370.9945622572467
tnost	173	316.9263694018858
tina	171	272.1809294798558
čica	171	156.05116290147095
kinja	169	315.14203534595197
ogija	163	266.95428142366626
ma	163	118.99329961148884
vnost	162	358.98072857376377
ga	157	54.28259099587584
tika	155	395.4139246460741
jica	155	99.51764965487405
tost	153	347.54398998994503
vina	150	229.59070956020923
vica	148	138.95550283233638
tica	143	146.95008154055267
ura	140	362.1502889066559
rnost	140	250.33530107252525
ča	138	268.73333007444614
ada	129	276.23727018481503
oza	123	324.768275707819
dnost	123	279.5589010939163
e	123	199.30728042367696
nka	123	37.27362545516088
ncija	122	405.86417336288605
enica	121	97.38979611794485
ača	113	340.7464350816896
lja	113	205.37867749966588
zija	111	377.4378765061216
arka	109	51.1058815648308
ara	108	350.31127546988347
nija	108	338.04399970509826
ovina	102	197.7051177877848
ačica	102	173.7544193480281
rnica	102	134.6728579348723
kcija	101	389.8588165946369
mija	101	346.80048171985436
eta	101	241.42150026784452
avost	99	359.5552489993894
ža	99	275.82967637011944
tura	98	359.10906405475464
jka	96	49.8551892118664
ljica	93	117.0992695094611
tnica	88	105.87132186136448
ana	87	297.24615114823007
fija	83	292.89805755310465
alica	83	102.09156538338505
ća	82	245.1484370014733
itost	81	318.63651190921274
jnost	81	290.74023603369454
ava	80	333.0760480026017
sa	80	122.67730001642413
anica	80	89.03406295959495
rina	79	366.52696310895817
sija	79	348.8327784970996
arica	79	144.02166752106532
avica	79	138.13464034710177
aca	77	405.7838251222264
lost	77	260.3388027279815
onica	77	95.76981956151283
šica	74	135.33424612298484
era	73	174.82305691362885
orica	73	106.39641166938294
dnica	73	93.29018868037844
afija	72	293.821882296207
pa	72	180.29833635324601
pija	70	342.19828475263404
stika	69	405.7584216785875
arija	69	361.18193785123526
snost	69	248.037124069708
aža	68	304.6216350768177
ula	68	246.19247359588763
ala	66	285.64495436741765
eza	65	381.1765148345019
vnica	62	75.93406572411698
erija	61	405.7262544270614
vka	61	37.392979083902596
lija	60	379.1728155804881
ljka	60	50.469072106024996
ašica	59	137.54228629281508
znost	58	378.27781159518156
kost	58	330.56114174950295
oća	58	290.56440106890716
icija	57	377.8075528306293
lina	57	271.0766808071323
etina	56	237.19671881484987
stica	56	137.84712461285233
čina	55	305.3124740797655
ola	55	305.28654846834723
erka	55	29.054551581571566
tija	54	405.69015679229904
jača	54	283.74226445250036
snica	54	86.75990580469708
anka	54	35.23318882690699
ela	53	157.2338911463016
ena	53	113.81024437359673
erica	53	83.56775764688551
ša	52	227.99451086063843
aza	51	405.67159861351485
nina	50	320.12594679288225
ština	50	239.3240887246601
oda	49	344.5338526244246
ona	49	273.7996236459401
čarka	49	73.74823068305886
dnja	48	317.00136305368545
tka	48	41.67787354046078
dba	47	140.2873193672842
ginja	45	339.59060213568415
njica	45	107.92839895898113
njača	44	262.58152490622416
dica	44	152.86101193626067
ata	43	405.6091822545992
ota	43	369.02988642172596
trija	43	369.02988642172596
je	43	369.02988642172585
ilica	43	149.30596382650492
kica	41	197.57574344755173
eka	41	142.72512812524434
ška	41	68.93674060902744
nta	40	106.47716165292229
čnica	40	71.11443058001738
omija	39	365.4217902535639
iva	39	299.93396401498234
šnost	39	248.82353276113886
onija	38	364.4071637858156
nika	38	328.77270797386234
uka	38	143.50242490600556
adnja	37	363.34058910943634
žnost	37	326.90694759856905
ska	37	24.959003565673097
iza	36	405.5312395368964
opija	36	324.9736455536862
atura	35	405.5174944896395
ora	35	361.03481004076104
anija	35	290.0413163743004
una	35	193.43256467380633
aka	35	144.887107741178
aljka	35	110.29328950987384
nca	35	54.12996716755378
bina	34	359.78605453962746
ila	34	359.78605453962746
oba	34	171.97536876710785
uga	34	171.67491638905815
sta	34	116.15562311890085
arina	33	405.4874376586792
aja	33	284.2897002392193
ama	33	254.54129011409526
žnica	33	137.38947074352336
orka	33	47.95839026547522
mnost	32	357.0687489987809
orija	32	357.0687489987809
uša	32	281.3726694955752
rana	32	281.32922477559754
jnica	32	147.67278460923677
inka	32	88.46187589384292
ije	31	405.4533910964941
ema	31	405.45339109649393
nda	31	197.11254444093765
bica	31	74.80308667772228
žba	31	59.05870259995512
ulja	30	405.4346151376131
eja	30	354.0128467309648
evina	30	311.10092093854354
jada	30	171.77888923449024
oga	30	153.24629484428925
šnica	30	138.34972690971446
pica	30	99.50383984961829
lka	30	56.297455742511
atija	29	405.4145047896544
rada	29	405.4145047896544
dija	29	352.33756915717714
utost	29	352.33756915717714
lika	29	308.30983274242544
uda	29	271.0972487577846
mica	29	106.34792825318696
esija	28	350.55106929660366
emija	28	305.30013898450244
znica	28	61.9247002435289
tra	28	60.90906811047945
rika	27	405.3696690875014
bnost	27	348.6419300742037
izaca	26	405.3445771162225
zaca	26	405.3445771162225
ijada	26	151.46374636334062
est	26	79.78987563167728
lnica	26	46.29547728324306
otina	25	344.40171304729284
roza	25	295.2988429232306
aga	25	147.27425379720736
rna	25	128.43433354714028
ha	25	98.72897235343349
alka	25	66.08009177656741
atost	24	405.2878914261008
etika	24	405.2878914261008
dina	24	291.4905660523076
noća	24	250.27976777332617
eda	24	122.6096279571356
apija	23	405.2557116811825
vača	23	405.2557116811825
ksija	23	339.48758188834984
olja	23	339.48758188834984
bija	23	287.32930450552374
java	23	287.32930450552374
kula	23	156.0533495620466
rma	23	64.12078619289619
avka	23	32.818416993075665
jina	22	405.22049127184164
ast	22	405.2204912718415
neza	22	336.7257833399675
ovica	22	239.85645738291754
ce	22	204.02128694665063
ice	22	204.02128694665063
ntica	22	174.26744695161327
enka	22	35.2544689135668
atika	21	405.18177866316853
ida	21	405.1817786631684
liza	21	405.1817786631684
ktura	21	333.72598476966857
pina	21	333.72598476966857
elica	21	105.02451002443613
iga	21	104.0462510274825
elost	21	103.23746170725354
anca	21	75.72945426891846
inica	21	75.49023541327986
d	21	64.38318943440596
ita	20	405.13902843135355
ucija	20	405.13902843135355
ačina	20	330.45623752477445
ilja	20	330.45623752477445
rgija	20	330.45623752477445
fera	20	227.79269748853915
rba	20	191.53961368961996
čka	20	83.14116159493902
mena	20	67.89131097549023
ovka	20	58.575151936455086
etka	20	49.319820547140495
ovača	19	405.0915755699197
rzija	19	405.0915755699197
teka	19	405.0915755699197
tiva	19	326.87865110981613
đa	19	326.87865110981613
sfera	19	221.23383758288858
loga	19	127.97699038788188
idba	19	108.98590680278862
olica	19	90.37135483273784
žica	19	42.633568190132614
alost	18	405.03860088668154
ezija	18	405.03860088668154
tava	18	405.03860088668154
upa	18	405.03860088668154
izija	18	322.94795745821983
toza	18	322.94795745821983
uza	18	322.94795745821983
sica	18	214.55093229070886
esa	18	214.1847641799407
zma	18	80.74147908380405
tva	18	56.28953127797446
alija	17	404.97908367368274
hija	17	404.97908367368274
mina	17	404.97908367368274
pcija	17	404.97908367368274
oteka	17	404.9790836736826
azija	17	318.60964263170393
eneza	17	318.60964263170393
lada	17	318.60964263170393
taža	17	318.60964263170393
tnja	17	318.60964263170393
uta	17	318.60964263170393
vest	17	207.19537590328727
torka	17	114.34503494515478
anta	17	73.00271035359424
ojka	17	63.299283388049155
pka	17	39.908031225368944
mka	17	39.79859479445551
uma	16	404.91173584486216
uzija	16	404.91173584486216
loza	16	313.79748814522816
obija	16	248.02646564008998
šina	16	248.02646564008998
ć	16	198.3876342264248
fa	16	160.41738938296137
pnica	16	130.37601357358488
ćica	16	104.66426284711072
ega	16	85.63599009031039
rda	16	82.48454530994853
oka	16	67.71598728640869
daja	15	404.83490850626515
noza	15	404.83490850626515
olija	15	404.83490850626515
enija	15	308.4302960392401
mika	15	308.4302960392401
pnost	15	308.4302960392401
uška	15	240.46383486367216
ista	15	240.22284977934007
moć	15	189.50398961502734
oć	15	189.50398961502734
unica	15	151.25219229621513
edba	15	151.2521922962151
aba	15	150.3948856266462
glica	15	77.74855085498294
zda	15	77.60698055813049
rta	15	60.3505251269117
irka	15	36.36019642809671
jara	14	404.74645652595456
lata	14	404.74645652595456
laža	14	404.74645652595456
ova	14	404.74645652595456
rala	14	404.74645652595456
stava	14	404.74645652595456
teza	14	404.74645652595456
zina	14	404.74645652595456
avina	14	302.40746977205305
ltura	14	302.40746977205305
nada	14	302.40746977205305
rava	14	302.40746977205305
žina	14	302.40746977205305
ivica	14	231.62664733012735
atica	14	179.8561349955125
le	14	141.99922346606678
gra	14	141.4247382388039
ičica	14	66.40006485699215
eljka	14	53.62254246661803
ad	14	52.33493326821807
narka	14	40.09680006525596
lije	13	404.6435373631491
asa	13	404.64353736314894
ima	13	404.64353736314894
isija	13	404.64353736314894
ologa	13	404.64353736314894
rema	13	404.64353736314894
stina	13	404.64353736314894
taca	13	404.64353736314894
amija	13	295.602967870034
bolja	13	295.602967870034
jera	13	295.602967870034
nga	13	222.11507133555097
vala	13	222.11507133555097
ansa	13	129.74127597963223
nsa	13	129.74127597963223
zica	13	77.6780453629991
mera	13	74.69411651784459
ćnica	13	59.56572601577639
dra	13	59.3026709025583
gica	13	59.3026709025583
n	13	32.92301137158451
etost	12	404.52230378540474
aliza	12	404.52230378540463
egija	12	404.52230378540463
goda	12	404.52230378540463
isa	12	404.52230378540463
nzija	12	404.52230378540463
rupa	12	404.52230378540463
taza	12	404.52230378540463
zona	12	404.52230378540463
apa	12	287.85690829770726
lana	12	287.85690829770726
leta	12	287.85690829770726
uba	12	287.85690829770726
mba	12	211.9420834377137
kada	12	211.54015859986717
ruga	12	211.54015859986717
anda	12	157.8704711605725
ruka	12	157.8704711605725
arna	12	120.27565902183039
enta	12	87.88189442083132
žnja	12	87.88189442083132
trica	12	68.37616907199035
ajka	12	50.49413560919705
enca	12	35.15320419415189
eška	12	25.009011870904846
dost	11	404.37741915653174
erina	11	404.37741915653174
koća	11	404.37741915653174
plata	11	404.37741915653174
stija	11	404.37741915653174
ćnost	11	404.37741915653174
alije	11	404.3774191565317
kva	11	278.9637293130034
koza	11	278.9637293130032
lava	11	278.9637293130032
naža	11	278.9637293130032
upina	11	278.9637293130032
urija	11	278.9637293130032
vija	11	278.9637293130032
ira	11	200.20933387996953
laka	11	200.2093338799695
elja	11	146.33077656648692
nčica	11	146.33077656648692
keta	11	145.29750082703336
rva	11	107.32488762862805
užba	11	107.32488762862805
kvica	11	79.57134813729776
ivka	11	58.213679558074375
bnica	11	57.48192206530434
gla	11	56.7761076021156
ke	11	55.29505302533392
tarka	11	40.92113662259454
anika	10	404.201263632224
luga	10	404.201263632224
utika	10	404.201263632224
alina	10	404.2012636322239
atina	10	404.2012636322239
ilija	10	404.2012636322239
ljina	10	404.2012636322239
njava	10	404.2012636322239
opa	10	404.2012636322239
orina	10	404.2012636322239
prema	10	404.2012636322239
rhija	10	404.2012636322239
tara	10	404.2012636322239
urina	10	404.2012636322239
igra	10	404.20126363222386
anja	10	268.65522946539676
ativa	10	268.65522946539676
hrana	10	268.65522946539676
rama	10	268.65522946539676
raža	10	268.65522946539676
tinja	10	268.65522946539676
adica	10	268.6552294653967
tkost	10	268.6552294653967
et	10	268.65522946539664
bula	10	186.4452303854462
redba	10	186.4452303854462
odica	10	186.44523038544617
etica	10	133.2429058522133
otica	10	133.2429058522133
raka	10	132.72628847269138
riga	10	94.19795925053693
šnja	10	94.19795925053693
arda	10	92.39719769848769
izma	10	92.39719769848769
esta	10	67.05607648913372
dela	10	63.44146113019043
tanka	10	18.717998849688172
